title,price,discount,rating,review_count,amount_bought
Men's Lite Racer Adapt 7.0 Sneaker,55,N/A,,493,N/A
Men's Tiro23 League Pants,34,N/A,,"2,497",N/A
Men's Essentials Warm-Up 3-Stripes Track Top,34,N/A,,,N/A
Men's Essentials 3-Stripes Tricot Jogger Pants,31,N/A,,"5,515",N/A
"Unisex Adult Defender 4 Duffel Bag, Black/White, Medium (66 L)",N/A,N/A,,#1 Top Rated,N/A
Men's Daily 4.0 Shoes,42,N/A,,518,N/A
Men's Samba Classic Soccer Shoe,73,N/A,,#1 Top Rated,N/A
Men's Performance Boxer Brief Underwear (3 Pack),24,N/A,,"6,881",N/A
Men's Grand Court 2.0,52,N/A,,#1 Top Rated,N/A
Men's Sportswear Basic 3-stripes Tricot Track Suit,55,N/A,,"1,685",N/A
Women's Grand Court 2.0 Tennis Shoe,52,N/A,,"3,737",N/A
Boys' Big Active Sports Athletic Tricot Jogger Pant,22,N/A,,#1 Top Rated,N/A
Men's Essentials Fleece Hoodie,N/A,N/A,,"4,039",N/A
Unisex-Adult Samba Indoor Sneaker,89,N/A,,211,N/A
Women's Cloudfoam Pure Sportswear Sneaker,41,N/A,,880,N/A
Unisex-Adult Adilette Shower Slide Sandal,24,N/A,,"1,106",N/A
Men Track Suits Sets Long Sleeve Full-zip Sweatsuit Active Jackets and Pants 2 Piece Outfits,45,N/A,,565,N/A
Men's Tiro 21 Track Pants,29,N/A,,"25,811",N/A
adidas eGift Card,15,N/A,,"1,115",N/A
Men's Essentials Warm-up Open Hem 3-stripes Tracksuit Pants,26,N/A,,"8,918",N/A
Women's Grand Court 2.0 Tennis Shoe,64,N/A,,"2,870",N/A
Men's Casual Active Tracksuits Full Zip Sports Jogging Suits Sets Athletic Running 2 Piece Sweatsuits with Zip Pockets,37,N/A,,"1,296",N/A
Mens Slip On Walking Shoes Non Slip Running Shoes Breathable Workout Shoes Lightweight Gym Sneakers,46,N/A,,"2,421",N/A
Boys' Short Sleeve Aeroready Performance Logo Tee T-Shirt,14,N/A,,"7,182",N/A
"Striker Team Sports Backpack Durable Athletic Gym Laptop Bag for Boys/Girls, Black/White/2.0 (28L), One Size",45,N/A,,#1 Top Rated,N/A
Men's UBounce DNA Sneaker,55,N/A,,347,N/A
Men's Daily 3.0 Sneaker,60,N/A,,#1 Top Rated,N/A
"Men's Polo Shirt, Short Sleeve Tactical Shirts, Dry Fit Lightweight Performance Golf Shirts, Outdoor UPF 50+ Pique Shirt",28,N/A,,"2,852",N/A
"Men's Air Running Shoes,Comfortable Walking Tennis Shoes,Athletic Gym Workout Jogging Cushioning Sneakers US 7-13",49,N/A,,8,N/A
Golf Shirts for Men Dry Fit Performance Short Sleeve Print Moisture Wicking Polo Shirt,28,N/A,,691,N/A
"Men's SP0006 Pilot Sunglasses, Crystal, Lens-57 Bridge-16 B-43.4 ED-65.8 Temple-135 + 1",41,N/A,,60,N/A
Women's Hoops 3.0 Low Basketball Shoe,48,N/A,,"3,483",N/A
Men's Essentials 3-Stripes Fleece Full-Zip Hoodie,48,N/A,,58,N/A
Men's Essentials 3-Stripes Open Hem Fleece Pants,30,N/A,,"3,475",N/A
Men's Tiro23 League Training Jacket,34,N/A,,474,N/A
Mens White Casual Shoes All Black Fashion Sneakers for Men Low Top Lace Up Canvas Shoes,25,N/A,,273,N/A
adidas Men's Superstar Shoe,90,N/A,,"13,259",N/A
Women's Club C Double Sneaker,79,N/A,,"1,229",N/A
3 Pack Men's Athletic Compression Shirts Sleeveless,23,N/A,,"23,974",N/A
Kids' Lite Racer Adapt 7.0 Sneaker,51,N/A,,324,N/A
"Unisex Front Court Sneaker, Carbon/Grey/Solar Red, 6.5 US Men",68,N/A,,31,N/A
Women's Vl Court 3.0,N/A,N/A,,"1,845",N/A
"Alliance Sackpack (12L) Lightweight Athletic Small Drawstring Team Sports Workout Bag, Black/Gold Metallic, One Size",N/A,N/A,,#1 Top Rated,N/A
Men's Essentials Fleece Tapered Cuff Big Logo Pants,49,N/A,,233,N/A
Men's Sereno Cut 3-Stripes Slim Track Jacket,N/A,N/A,,23,N/A
Men's X_PLR Path Sneaker,48,N/A,,797,N/A
Men's Terrex AX4 Hiking Shoe,59,N/A,,"3,474",N/A
Unisex-Child Samba Indoor Sneaker,64,N/A,,113,N/A
Men's Terrex AX4 Mid Gore-Tex Hiking Shoe,90,N/A,,355,N/A
Men's Ultraboost 1.0 Shoe,110,N/A,,760,N/A
adidas Samba OG Shoes,99,N/A,,"2,281",N/A
unisex-adult Adilette Clog,31,N/A,,"11,440",N/A
Men's Vl Court 3.0 Sneaker,69,N/A,,737,N/A
Unisex-Adult Adissage Slides Sandal,22,N/A,,"24,522",N/A
Men's Racer Tr23 Sneaker,45,N/A,,"1,107",N/A
Unisex Adult Trefoil Crew Socks (6 Pairs),24,N/A,,"14,108",N/A
adidas Men's Superstar Shoe,99,N/A,,"13,259",N/A
Men's Essentials Fleece Tapered Cuff 3-Stripes Pants,31,N/A,,"5,024",N/A
Men's Tiro 23 League Sweat Shorts,30,N/A,,453,N/A
Mens Slip On Walking Shoes Lightweight Breathable Non Slip Running Shoes Comfortable Fashion Sneakers for Men,35,N/A,,"9,995",N/A
Men's Casual Active Tracksuits Full Zip Sports Jogging Suits Sets Athletic Running 2 Piece Sweatsuits with Zip Pockets,37,N/A,,"1,296",N/A
"Men's Golf Dress Shorts Stretch Elastic Waist 11"" Quick Dry Lightweight Travel Casual Shorts 5 Pockets Travel Casual",33,N/A,,41,N/A
Golf Shirts for Men Dry Fit Performance Short Sleeve Print Moisture Wicking Polo Shirt,28,N/A,,691,N/A
Mens Tear Away Basketball Pants 2 Side Zippers Snap Off Full Open Down Sweatpants Leg Post Surgery Pant with Pockets,33,N/A,,782,N/A
Men's Essentials 3-Stripes Fleece Shorts,27,N/A,,723,N/A
Men's Run Falcon 5 Sneaker,55,N/A,,196,N/A
boys Tricot Tracksuit Jacket Jogger Pant Set,39,N/A,,41,N/A
Men's Hoops 3.0 Mid Sneaker,65,N/A,,"3,365",N/A
Women's Tiro 21 Track Pants,19,N/A,,"6,321",N/A
Men's Essentials Single Jersey Tapered Open Hem Pants,31,N/A,,266,N/A
Kid's Tiro 21 Track Pants,25,N/A,,"1,581",N/A
Men's Advantage 2.0 Sneaker,55,N/A,,61,N/A
Kids' Tiro23 League Pants,30,N/A,,47,N/A
Unisex Adult Adilette Comfort Slide,N/A,N/A,,"5,116",N/A
Men's Training Essentials Pique 3-Stripes Training Shorts,22,N/A,,478,N/A
Women's Kaptir Flow Sneaker,70,N/A,,369,N/A
Boys' Iconic Tricot Jogger Pants,22,N/A,,"3,103",N/A
Kids' Racer TR23 Sneaker,34,N/A,,297,N/A
"Men's Run Falcon 5 Sneaker, Black/White/Black, 9 Wide",43,N/A,,6,N/A
Men's Kaptir 3.0,60,N/A,,"1,645",N/A
Women's Tiro23 League Pants,35,N/A,,399,N/A
Men's Reversible Web Golf Belt,11,N/A,,988,N/A
Men's Essentials Feelready Training T-Shirt,14,N/A,,737,N/A
Men's Tiro 24 Training Pants,N/A,N/A,,79,N/A
"SP0019 Panto Sunglasses, Black, 00mm",69,N/A,,18,N/A
Men's Designed 2 Move 3-Stripes Primeblue Shorts,16,N/A,,"4,723",N/A
Kids' Tiro Track Pants,29,N/A,,"1,137",N/A
adidas mens Samoa Retro Sneaker,51,N/A,,791,N/A
Boys' Long Sleeve Cotton Small Logo T-Shirt,17,N/A,,133,N/A
Girls' Aeroready Performance Long Tights,15,N/A,,185,N/A
Boys' Short Sleeve Cotton T-Shirt Graphic Tshirt Tee,14,N/A,,86,N/A
Men's Superstar Track Jacket,31,N/A,,"2,292",N/A
Pillow Slippers for Women and Men | House Slides Shower Sandals | Cushioned Thick Sole,23,N/A,,"52,101",N/A
adidas Men's Originals Superstar Running Shoes,104,N/A,,"1,835",N/A
Mens Slide Sandals Open Toe Athletic Adjustable Straps Orthotic Plantar Fasciitis Sport Sandals with Soft Comfy Arch Support Footbed Size 7.5-15,28,N/A,,"6,399",N/A
"Pharrell Williams Chancletas HU Slides Men's, Black, Size",44,N/A,,1,N/A
Boys' Short Sleeve Aeroready Performance Logo Tee T-Shirt,11,N/A,,"5,878",N/A
Girls' Toddler Boys' Tricot Jogger Pant,15,N/A,,81,N/A
Men's Three Stripe Tricot Pants,35,N/A,,46,N/A
Men's Entrada 22 Sweat Hoodie,39,N/A,,102,N/A
adidas Men's Adilette 22 Slide,44,N/A,,53,N/A
Men's Own The Run Tee,26,N/A,,"1,476",N/A
Men's Daily 3.0 Sneaker,70,N/A,,#1 Top Rated,N/A
Women's Essentials 3-Stripes Pants,40,N/A,,"1,615",N/A
Men's Tall Size Tiro23 League Sweat Pants,51,N/A,,344,N/A
Women's Bravada 2.0 Platform Sneaker,46,N/A,,876,N/A
Boys' Short Sleeve Cotton Jersey Logo T-Shirt Tee,14,N/A,,565,N/A
Girls Zip Front Classic Tricot Jacket and Joggers SetTricot Track Set,26,N/A,,67,N/A
Women's Superlite 3.0 No Show Athletic Socks Low-Profile Fit with Targeted Padding and Arch Compression (6 Pairs),14,N/A,,196,N/A
Womens Run Falcon 5,44,N/A,,224,N/A
Women's Tiro23 League Sweat Pants,29,N/A,,48,N/A
Men's Ultimate365 Textured Quarter-Zip Top,46,N/A,,38,N/A
"Boys' Long Sleeve Cotton Bos Logo T-Shirt, Bright Red Camo",15,N/A,N/A,"$15
72 List:
$22.00",N/A
Men's Own The Run Tee,19,N/A,,"1,476",N/A
Women's VL Court Bold Sneaker,94,N/A,,81,N/A
Men's Essentials Fleece 3-Stripes Hoodie,35,N/A,,"1,817",N/A
Women's Adicolor Essentials Crew Sweatshirt,48,N/A,,283,N/A
Men's Squadra 21 Shorts,19,N/A,,"2,847",N/A
Men's All Szn Fleece Hoodie,59,N/A,,72,N/A
Women's X_PLR Path Sneaker,42,N/A,,151,N/A
"Men's Polo Shirt, Short Sleeve Tactical Shirts, Dry Fit Lightweight Performance Golf Shirts, Outdoor UPF 50+ Pique Shirt",29,N/A,,"2,852",N/A
"Men's Athletic Shorts with Pockets 11"" Long Basketball Shorts Lightweight Quick Dry Gym Workout Shorts for Men",18,N/A,,237,N/A
Men's Icon Cut Off Workout Hoodies Gym Muscle Tank Shirts Sleeveless Training Hoodies,19,N/A,,179,N/A
Men Track Suits Sets Long Sleeve Full-zip Sweatsuit Active Jackets and Pants 2 Piece Outfits,45,N/A,,565,N/A
Men's Own The Run Tee,19,N/A,,"1,476",N/A
Men's Hoops 3.0 Mid Sneaker,52,N/A,,"3,365",N/A
Men's Essentials Feel Ready Training T-Shirt,18,N/A,,212,N/A
Women's Adilette Platform Slide Sandal,18,N/A,,798,N/A
Men's Duramo SL Running Sneaker,38,N/A,,323,N/A
Women's Adicolor Essentials Crew Sweatshirt,48,N/A,,283,N/A
Men's Essentials Fleece Regular Tapered Pants,35,N/A,,741,N/A
Women's Essentials 3-Stripes Fleece Pants,35,N/A,,94,N/A
Men's All Szn Fleece Hoodie,59,N/A,,72,N/A
Men's Squadra 21 Shorts,19,N/A,,"2,847",N/A
Women's X_PLR Path Sneaker,46,N/A,,151,N/A
Men's All Szn Fleece Quarter-Zip Crewneck Swearshirt,41,N/A,,13,N/A
Boys' Fleece Sport Jogger,25,N/A,,12,N/A
Men's Runfalcon 2.0 Running Shoe,50,N/A,,"7,903",N/A
adidas Men's Superlite 2 Relaxed Adjustable Performance Cap,17,N/A,,157,N/A
"Men's Run Falcon 5 Sneaker, Black/White/Black, 9.5 Wide",42,N/A,,4,N/A
Women's Designed for Training T-Shirt,13,N/A,,2,N/A
Women's Duramo SL Running Shoe,43,N/A,,269,N/A
Women's Advantage Sneaker,48,N/A,,"5,863",N/A
Men's Tiro23 League Sweat Hoodie,47,N/A,,71,N/A
Men's Run Falcon 3.0 Shoe,45,N/A,,"5,849",N/A
Men's Response Running Sneaker,52,N/A,,127,N/A
Men's Superlite Adjustable Fit Sport Performance Visor,14,N/A,,"1,604",N/A
Men's Ultraboost Light Running Shoe,74,N/A,,"1,038",N/A
Men's Essentials Fleece 3-Stripes Tapered Cuff Pants,28,N/A,,58,N/A
Men's House of Tiro Nations Pack Track Jacket,65,N/A,,7,N/A
Men's Terrex Free Hiker Gore-TEX 2.0 Hiking Shoes,114,N/A,,452,N/A
Men's Essentials French Terry Tapered Cuff 3-Stripes Pants,28,N/A,,535,N/A
Men's Run 72 Sneaker,56,N/A,,59,N/A
Men's Terrex Free Hiker 2,99,N/A,,148,N/A
Men's Superlite 2 Cap,19,N/A,,649,N/A
Men's Own the Run Tee,18,N/A,,225,N/A
Women's Edge Lux 6.0 Shoe,44,N/A,,31,N/A
Women's Ultraboost 22 Cool.rdy Running Shoe,85,N/A,,115,N/A
Unisex Adult Adilette Comfort Slide,32,N/A,,"5,116",N/A
Women's X_PLR Phase Sneaker,73,N/A,,219,N/A
Men's Tiro 19 Pants,24,N/A,,#1 Top Rated,N/A
Women's Superstar Track Jacket,28,N/A,,"2,197",N/A
Men's Ultraboost 22,79,N/A,,"3,608",N/A
Men's Own the Run Shorts,22,N/A,,437,N/A
Women's Essentials Fleece 3-Stripes Full-Zip Hoodie,32,N/A,,749,N/A
Men's Tall Size Essentials 3-Stripes Fleece Tapered Cuff Pants,32,N/A,,81,N/A
Unisex Baby Tricot Tracksuit Jacket Jogger Pant Set,36,N/A,,93,N/A
Men's House of Tiro Nations Pack T-Shirt,25,N/A,,57,N/A
Women's Feelbrilliant Designed 2 Move Leggings,31,N/A,,244,N/A
Women's Cloudfoam Pure 2.0,51,N/A,,"25,063",N/A
Women's Iconic Warpping 3-Stripes Snap Track Pants,42,N/A,,3,N/A
Women's Essentials 3-stripes Fleece Full-zip Hoodie Sweatshirt,25,N/A,,855,N/A
Women's Adicolor Classics High Waisted Short Tights,10,N/A,,201,N/A
Women's Tiro Pants,25,N/A,,93,N/A
Men's Designed 2 Move 3-Stripes Polo Shirt,23,N/A,,411,N/A
Men's Condivo 22 Training Top,13,N/A,,29,N/A
Men's Casual Active Tracksuits Full Zip Sports Jogging Suits Sets Athletic Running 2 Piece Sweatsuits with Zip Pockets,37,N/A,,"1,296",N/A
Women's Tiro23 League Pants,25,N/A,,399,N/A
Men's Supernova 2 Running Shoe,57,N/A,,770,N/A
4DFWD 2 Running Shoes Men's,149,N/A,,319,N/A
"Men's Athletic Running Shorts 5"" Quick Dry Lightweight with Zip Pockets Gym Workout Active",23,N/A,,133,N/A
Mens Golf Shirt Short Sleeve Dry Fit Print Moisture Wicking Performance Patterns Collared Polo Shirt,32,N/A,,468,N/A
"Men's Polo Shirt, Short Sleeve Tactical Shirts, Dry Fit Lightweight Performance Golf Shirts, Outdoor UPF 50+ Pique Shirt",23,N/A,,"2,852",N/A
Fashion Men's Tracksuits 2 Piece Casual Athletic Jogging Outfits Short/Long Sleeve Track Suits for Men Set,46,N/A,,978,N/A
Men's All SZN Fleece Pants,37,N/A,,11,N/A
Women's Low-Top Sneakers,49,N/A,,"3,527",N/A
Men's Alphaedge + Sneaker,45,N/A,,125,N/A
Men's Essentials Single Jersey Embroidered Small Logo T-Shirt,30,N/A,,425,N/A
Women's Cloudfoam Pure Sportswear Sneakers,51,N/A,,132,N/A
Men's Firebird Track Pants,27,N/A,,"1,048",N/A
Men's Swift Run 1.0 Sneaker,60,N/A,,25,N/A
Men's Aeroready Designed 2 Move Feelready Sport Tee,20,N/A,,"2,398",N/A
Women's Barricade Tennis Shoe,36,N/A,,325,N/A
Women's All Szn Fleece Loose Hoodie,36,N/A,,5,N/A
Women's Essentials Warm-Up Slim 3-Stripes Track Top,34,N/A,,"2,160",N/A
Men's Ultimate365 Tapered Golf Pants,43,N/A,,554,N/A
Boys' Short Sleeve Cotton Camo Print T-Shirt,7,N/A,,33,N/A
Men's Essentials Fleece 3-Stripes Full-Zip Hoodie,37,N/A,,987,N/A
Men's Terrex Ax4 Mid Gore-tex Sneaker,134,N/A,,153,N/A
Women's Golf Love Hat,11,N/A,N/A,"$11
87",N/A
Mens Slip On Walking Shoes Non Slip Running Shoes Breathable Workout Shoes Lightweight Gym Sneakers,46,N/A,,"2,421",N/A
Men's Designed 2 Move 3-Stripes Polo Shirt,22,N/A,,361,N/A
Women's Essentials Linear French Terry Cuffed Pants,34,N/A,,38,N/A
Women's Terrex Agravic Flow 2.0 Trail Running Shoe,42,N/A,,55,N/A
NMD_S1 Shoes Men's,119,N/A,,56,N/A
"Men's Gym Shorts wtih Zipper Pocket 9"" Athletic Basketball Mesh Shorts for Men Workout Quick Dry Lightiweight",19,N/A,,334,N/A
Men's Cushioned Crew Socks 5-6 Pairs Hiking Work Running Athletic Cotton Sports Wicking,17,N/A,,265,N/A
Women's Aeroready Sereno Slim Tapered-Cut 3-Stripes Pants,41,N/A,,"2,314",N/A
Men's Supernova Rise Sneaker,86,N/A,,30,N/A
Men's CrazyChaos 2000 Sneaker,60,N/A,,14,N/A
Adidas Vs. Puma: The Brother's Feud,N/A,N/A,,2016,N/A
Mens Fashion Athletic Hoodies Sport Sweatshirt Solid Color Fleece Pullover,23,N/A,,"30,797",N/A
"Men's Athletic Shorts with Pockets 11"" Long Basketball Shorts Lightweight Quick Dry Gym Workout Shorts for Men",19,N/A,,237,N/A
"Men's 2-Pack Loose-Fit 10"" Workout Gym Shorts with Pockets",26,N/A,,"24,868",N/A
Golf Shirts for Men Quick Dry Short Sleeve Casual Stylish Moisture Wicking Chest Print Collared Mens Polo Shirts,32,N/A,,91,N/A
Unisex Adult D.o.n. Issue 3,33,N/A,,591,N/A
Essentials 3-Stripes Track Suit,53,N/A,N/A,"$53
00 List:
$75.00",N/A
Men's S2G Spikeless BOA 24 Golf Shoe,72,N/A,,57,N/A
ADIDAS,0,N/A,,Book 1 of 3: Get Some,N/A
Men's ALL SZN T-Shirt,30,N/A,,100,N/A
Golf Climalite Basic Polo,19,N/A,,737,N/A
Women's Tennis Y-Tank,17,N/A,,42,N/A
Men's Adistar 3 Sneaker,N/A,N/A,,1,N/A
Kids' Kaptir Flow Sneaker,N/A,N/A,,113,N/A
Unisex Adult X GHOSTED.1 Soccer Shoe,89,N/A,,103,N/A
Unisex-Adult Moon Boot Moonboost High Top Sneaker,N/A,N/A,N/A,,N/A
Men's Lite Racer 4.0 Elastic Lace Sneaker,75,N/A,N/A,"$75
63",N/A
Men's Z.n.e. Full-Zip Hooded Track Jacket,N/A,N/A,N/A,,N/A
Men's Flowboost Sneaker,N/A,N/A,N/A,,N/A
"Predator Accuracy.3 FG J Kids', White, Size 11.5K",49,N/A,N/A,"$49
99",N/A
Boys' Messi Name & Number Graphic T-Shirt,N/A,N/A,N/A,,N/A
Boys' Disney Mickey Mouse Pants,N/A,N/A,N/A,,N/A
Boys' Smiley World Graphics T-Shirt,N/A,N/A,N/A,,N/A
Boys' Smiley World T-Shirt,N/A,N/A,N/A,,N/A
Men's Newcastle United Fc Alphaskin T-Shirt,N/A,N/A,N/A,,N/A
"Women's Z.N.E. Full-Zip Hoodie, Medium Grey Heather, Small",N/A,N/A,N/A,,N/A
Unisex-Child Ligra 8 Indoor Sneaker,N/A,N/A,N/A,,N/A
Training Predator Goalie Gloves,N/A,N/A,,18,N/A
Inter Miami CF Women's Size Team Home Jersey,89,N/A,N/A,"$89
99",N/A
Mini Tote (5l) Small Compact Durable Travel Crossbody Carry Bag,N/A,N/A,N/A,,N/A
Men Track Suits Sets Long Sleeve Full-zip Sweatsuit Active Jackets and Pants 2 Piece Outfits,45,N/A,,565,N/A
Mens Striped Polo Shirts - Summer UV50+ Short Sleeve Moisture Wicking Quick-Dry Sports Golf Shirts Activewear,29,N/A,,84,N/A
"Men's Athletic Running Shorts 5"" Quick Dry Lightweight with Zip Pockets Gym Workout Active",23,N/A,,133,N/A
Mens Tear Away Basketball Pants 2 Side Zippers Snap Off Full Open Down Sweatpants Leg Post Surgery Pant with Pockets,31,N/A,,782,N/A
Copa Club Junior Goalie Gloves,N/A,N/A,,15,N/A
Women's Terrex Agravic Ultra Running Shoe,39,N/A,,77,N/A
adidas Resistance Band,20,N/A,,26,N/A
Skate 4.0 Tee,N/A,N/A,N/A,,N/A
"Women's Powerimpact 3-Stripes Training Support Bra, Preloved Fig, (Medium) C/D",10,N/A,N/A,"$10
79",N/A
Men's Entrada 22 Training Pants,34,N/A,,525,N/A
"Boys' Long Sleeve Cotton Bos Logo T-Shirt, Bright Red Camo",15,N/A,N/A,"$15
72 List:
$22.00",N/A
Men's Stretch Cotton Crew Neck Undershirts (2-Pack),22,N/A,,216,N/A
Women's Adicolor Essentials Fleece Hoodie,25,N/A,,59,N/A
Men's Essentials Single Jersey Linear Embroidered Logo T-Shirt,14,N/A,,458,N/A
"Boys' Big Iconic Tricot Jogger Pants, Collegiate Navy, Medium (10/12 Plus)",20,N/A,,57,N/A
Men's Essentials Logo Hoodie Legacy,N/A,N/A,,558,N/A
mens Samoa,54,N/A,,207,N/A
Girls' Essential Logo Joggers Sweatpants,18,N/A,,1,N/A
Women's Superlite 3.0 Super No Show Athletic Socks Ultra Low-Profile with Targeted Cushion (6 Pairs),N/A,N/A,,378,N/A
Women's Duramo Sl 2.0 Running Shoe,48,N/A,,"2,681",N/A
Boys 2-piece Long Sleeve Hooded Printed Tee & Pant Set,29,N/A,,25,N/A
Unisex-Child Grand Court 2.0 Elastic (Little Big Kid) Sneaker,33,N/A,,509,N/A
Men's Standard Jamaica 2024 Pre-Match Jersey,39,N/A,N/A,"$39
98 List:
$70.00",N/A
Men's Kaptir 3.0 Sneaker,58,N/A,,17,N/A
Men's Trefoil Essentials T-Shirt,17,N/A,,871,N/A
Women's Ubounce DNA Sneaker,57,N/A,,44,N/A
Women's Superlite 3.0 Relaxed Fit Adjustable Sport Performance Hat,25,N/A,,"2,477",N/A
Unisex-Adult F50 League Football Boots Firm Ground Sneaker,75,N/A,,4,N/A
Mens Slip On Walking Shoes Lightweight Breathable Non Slip Running Shoes Comfortable Fashion Sneakers for Men,35,N/A,,"9,995",N/A
Men's Entrada 22 Training Top,30,N/A,,304,N/A
Men's Three Stripe Tricot Full-Zip Jacket,38,N/A,,83,N/A
Men's ZG23 BOA Golf Shoe,69,N/A,,83,N/A
"Originals Men's Busenitz Sneaker, us:one Size",69,N/A,,571,N/A
Men's Designed 2 Move Heather Tee Scarlet/White Large,26,N/A,,3,N/A
Mens Tracksuit 2 Piece Set Velour Velvet Sweatsuit Jogging Suits Full Zip Jacket Pants Outfits,56,N/A,,43,N/A
Mens Sports Footwear Tennis Breathable Jogging Lightweight Shoes,39,N/A,,"2,647",N/A
Men's Full Zip,49,N/A,,84,N/A
Men's Ultimate365 Golf Pants,89,N/A,,909,N/A
"Unisex Pureboost 22 Running Shoe, Dash Grey/Pulse Lime/Black, 9.5 US Men",59,N/A,N/A,"$59
29",N/A
Girls' Long Sleeve Hooded Graphic Tee,17,N/A,,426,N/A
Boys' Zip Front Iconic Tricot Jacket,31,N/A,,#1 Top Rated,N/A
Women's Pacer 3-stripes Woven Shorts,18,N/A,,"6,256",N/A
Women's X_PLR Phase Sneaker,68,N/A,,219,N/A
Girls' Gradient Fleece Pullover Hoodie,37,N/A,,137,N/A
Boys' Big Short Sleeve T Sports Graphic Tee Shirt,13,N/A,,89,N/A
Men's Racer Tr21 Running Shoe,45,N/A,,"6,775",N/A
adidas Women's Stan Smith Shoes,58,N/A,,"5,870",N/A
Originals Men's Retropy E5 Sneaker,40,N/A,,91,N/A
Women's NMD R1 Shoe,62,N/A,,"3,503",N/A
Men's Ultrabounce Running Shoe,49,N/A,,612,N/A
Women's Adibreak Basketball Break Away Warm Up Pants,39,N/A,N/A,"$39
38",N/A
Women's Essentials 3-Stripes Leggings,22,N/A,,"5,925",N/A
Women's Lite Racer 3.0 Running Shoe,39,N/A,,207,N/A
Men's Go-To Spikeless 1 Golf Shoe,61,N/A,,103,N/A
Boys Short Sleeve Polo Shirt and Shorts 2-piece Set,15,N/A,,17,N/A
Women's Ultraboost 1.0 Shoe,78,N/A,,515,N/A
adidas Men's Stan Smith Shoes,48,N/A,,"16,812",N/A
Men's Essentials Single Jersey 3-Stripes T-Shirt,N/A,N/A,,693,N/A
Men's Advantage Sneakers,41,N/A,,"7,384",N/A
Unisex Adult Adilette Comfort Slide,N/A,N/A,,"5,116",N/A
