product_name,product_price,original_price,discount_percentage,product_rating,reviews_count,estimated_amount_bought
Hp EliteBook 840 G6 Intel Core I5 Touchscreen 16GB RAM/1TB SSD/Backlit Keyboard/FP Win 11 Pro,"₦ 650,700","₦ 870,900",25%,3.9,16,160.0
Hp EliteBook 840 G6 Intel Core I5  Touchscreen 8GB RAM/512GB SSD Win 11 Pro,"₦ 605,000",N/A,N/A,3.6,17,170.0
"Hp PROBOOK 450G6 8TH GEN INTEL CORE I5 8GB RAM 256GB SSD,KEYBOARD LITE, WINDOWS 11PRO","₦ 760,000",N/A,N/A,N/A,1,10.0
"DELL Latitude 3420-14"" FHD-11th Gen Intel Core I5-1135G7 Quad-Core-16GB RAM-512GB SSD-Win 10 Pro","₦ 1,148,000","₦ 1,198,000",4%,N/A,1,10.0
"Apple MacBook Pro 14.2"" 8‑core CPU/10‑core 8GB/1TB M3 Chip  - Silver 2023","₦ 2,999,999","₦ 9,999,999",70%,N/A,0,0.0
"Apple MacBook Air 13.3"" 8GB/256GB M1 - Space Grey","₦ 1,300,999","₦ 2,999,999",57%,4.8,36,360.0
"DELL Latitude 3420-14"" FHD-11th Gen Intel Core I7-1165G7 Quad-Core-8GB RAM-256GB SSD-Black","₦ 1,185,000","₦ 1,238,000",4%,N/A,0,0.0
"DELL Latitude 3420-14"" FHD-11th Gen Intel Core I5-1135G7 Quad-Core-16GB RAM-256GB SSD-Black","₦ 958,000","₦ 1,068,000",10%,N/A,0,0.0
Hp  Stream 11 Pro Intel Celeron 4GB RAM- 64GB HDD WIN 10+ Usb Light,"₦ 145,000","₦ 235,000",38%,2.5,2,20.0
Hp PRO ONE 400 G4 COREI5 8GB RAM,"₦ 720,000",N/A,N/A,N/A,0,0.0
Hp EliteBook 840 G6 Intel Core I5 Touchscreen 16GB RAM/1TB SSD/Backlit Keyboard/FP Win 11 Pro,"₦ 650,000","₦ 770,900",16%,4.3,155,1550.0
"DELL Latitude 3310 Intel®️ Core™️ I5-Quad Core 256GB SSD 16GB RAM 13.3""WIN10 Pro","₦ 880,000","₦ 898,000",2%,N/A,1,10.0
Apple MacBook Pro 14″ 18GB/1TB 18 Core M3 Pro Chip - Silver,"₦ 3,800,999","₦ 6,999,999",46%,N/A,0,0.0
Hp EliteBook 840 G5 TOUCHSCREEN Core I5-8GB RAM/256GB SSD/Backlit Keyboard/FP Reader WIN 11 Pro+BAG,"₦ 520,000","₦ 990,000",47%,4.6,7,70.0
Hp EliteBook 840 G5 TOUCHSCREEN Core I7-16GB RAM/1TB SSD/Backlit Keyboard/FP Reader WIN 11 Pro+BAG,"₦ 755,000","₦ 990,000",24%,4.3,4,40.0
"15.6"" Laptop J4125 8GB+256GB SSD Student Portable Computer","₦ 215,563","₦ 386,400",44%,N/A,0,0.0
Lenovo Ideapad 15 Inch Intel® Celeron® 8GB RAM DDR4 -256SSD,"₦ 384,999","₦ 950,000",59%,4.8,8,80.0
"DELL Latitude 3310 11Th Gen Intel®️ Core™️ I5-Quad Core 256GB SSD 8GB RAM 13.3""WIN10 Pro","₦ 850,000","₦ 890,000",4%,N/A,0,0.0
"Power Plus 1,300,000,000mw Ultra Massive Laptop Power Bank","₦ 350,550 - ₦ 578,000","₦ 578,000",39%,3.5,2,20.0
"Hp EliteBook 840 G8  - Core I5-1135G7- 14"" - 512GB SSD-16B RAM","₦ 900,000","₦ 1,500,000",40%,N/A,0,0.0
"DELL Latitude 3420-14"" FHD-11th Gen Intel Core I5-1135G7 Quad-Core-8GB RAM-256GB SSD-Black","₦ 925,000","₦ 978,000",5%,N/A,0,0.0
"14"" Laptop N3350 6GB+192GB SSD Portable Computer Student Pc","₦ 194,340","₦ 289,800",33%,N/A,0,0.0
Hp EliteBook 840 G6 Intel Core I5 Touchscreen 16GB RAM/512 SSD/Backlit Keyboard/FP Win 11 Pro,"₦ 595,000","₦ 770,900",23%,2.3,4,40.0
"Hp 15 VICTUS GAMING, 12TH GEN INTEL CORE I5, 16GB RAM, 512GB SSD NVIDIA RTX 3050 (4GB) WINS 11","₦ 1,399,500","₦ 1,520,000",8%,4.6,5,50.0
Hp Stream 11 Laptop- Intel Celeron - 64GB SSD 4GB RAM Windows 10 PRO+ Mouse & USB Light For Keyboard,"₦ 190,000","₦ 300,000",37%,4.1,11,110.0
DELL Latitude 7490 TOUCHSCREEN Intel Core I7- 1TB SSD/16GB RAM BACKLIGHT KEYBOARD/WIN 11PRO+BAG,"₦ 790,000","₦ 800,000",1%,4.7,7,70.0
Hp Notebook 11 Pro G5 TOUCHSCREEN-128GB SSD 4GB RAM- Intel Celeron - Windows 10 Pro + Bag,"₦ 220,000","₦ 690,000",68%,4.5,6,60.0
Hp Stream 11 Pro- Intel Celeron - 4GB RAM - 64GB SSD Windows 10 Pro+ Mouse & USB LIGHT FOR Keyboard,"₦ 180,000",N/A,N/A,N/A,5,50.0
Hp Notebook 11 Pro G5 TOUCHSCREEN-256GB SSD 4GB RAM- Intel Celeron - Windows 10 Pro + Bag,"₦ 212,300","₦ 501,350",58%,N/A,42,420.0
"Power Plus Ultra Massive Laptop Power Bank (1,300wh)","₦ 349,600","₦ 580,000",40%,N/A,0,0.0
Hp ProBook 11 X360- TOUCH- 512GB SSD/4GB RAM-Intel CELERON QUAD CORE WIN10 Pro +Mouse &USB Light,"₦ 250,000","₦ 350,000",29%,4.6,5,50.0
Hp EliteBook 840 G6 Intel Core I5- 16GB RAM/512GB SSD/Backlit Keyboard/FP Reader Windows 11 Pro + BAG,"₦ 510,000","₦ 900,000",43%,4.5,8,80.0
Hp ProBook 11 X360- TOUCH- 128GB SSD/4GB RAM-Intel CELERON QUAD CORE WIN10 Pro +Mouse &USB Light,"₦ 195,000","₦ 495,000",61%,3.6,8,80.0
"DELL Latitude 7490 Intel Core I5, Keyboard Backlit, 8GB RAM, 256GB SSD Windows 11","₦ 395,000","₦ 600,000",34%,3.8,16,160.0
Hp ProBook 11 X360- TOUCH- 256GB SSD/4GB RAM +Mouse &USB Light,"₦ 215,000","₦ 875,000",75%,4.2,20,200.0
Hp STREAM 11 LAPTOP- CELERON-64GB 4D 4GB RAM Windows 10 PRO+ & USB Light For Keyboard,"₦ 250,000",N/A,N/A,4.4,5,50.0
DELL Latitude 3190 INTEL CELERON128GB SSD 4GB RAM WIN 10 Pro+pouch,"₦ 174,000",N/A,N/A,4.3,6,60.0
Hp EliteBook 840 G5 Intel Core I7-32GB RAM/1TB SSD/Backlit Keyboard/FP Reader WIN 11 Pro+BAG,"₦ 750,000","₦ 900,000",17%,3.3,4,40.0
"Hp CHROMEBOOK 11 G4, CELERON, 4GB RAM,16GB SSD + BAG","₦ 120,000","₦ 220,000",45%,N/A,1,10.0
Hp Stream 11 Laptop- Intel Celeron - 64GB SSD 4GB RAM Windows 10 PRO +USB Light For Keyboard,"₦ 170,000","₦ 340,000",50%,4.3,13,130.0
"DELL LATITUDE 3180, 4GB RAM, 128GB SSD, WINDOWS 11","₦ 190,000","₦ 200,000",5%,4.3,7,70.0
Hp EliteBook 840 G6 Intel Core I5- Backlit Keyboard/FP Reader 16GB RAM/256GB SSD Win 11 Pro + BAG,"₦ 472,850","₦ 960,000",51%,N/A,49,490.0
Hp ProBook 11 X360- TOUCH Intel Celeron 256GB 4GB RAM WIN 10 Pro+ MOUSE & USB LIGHT FOR KEYBOARD,"₦ 220,000","₦ 950,000",77%,3.6,5,50.0
Hp EliteBook 840 G6 Intel Core I5- 16GB RAM/512GB SSD/Backlit Keyboard/FP Reader Windows 11 Pro + BAG,"₦ 510,000",N/A,N/A,N/A,1,10.0
"DELL CHROMEBOOK 11, 4GB RAM, 16GB SSD + 32GBFLASH","₦ 170,000",N/A,N/A,N/A,4,40.0
Hp Stream 11 PRO Intel Celeron Quad Core - 64GB SSD 4GB RAM Windows 11 PRO+ USB Light For Keyboard,"₦ 145,000","₦ 234,366",38%,4.7,3,30.0
Hp EliteBook 845 G8 - Ryzen 5 Pro 5650U/AMD 2.3 - 16GB RAM/512GB SSD WIN 11 PRO+BAG,"₦ 590,000","₦ 700,000",16%,4.6,14,140.0
"DELL LATITUDE 3190 2in1 , INTEL PENTIUM , TOUCHSCREEN 8GB RAM,128GB SSD+LIGHT","₦ 225,000","₦ 500,000",55%,4.5,2,20.0
Lenovo Ideapad 15 Inch Intel® Celeron® 8GB RAM DDR4 - 256 SSD Windows 11 +USB LIGHT & 32GB Flash,"₦ 384,999","₦ 958,000",60%,4.3,7,70.0
Hp ProBook 11 X360- TOUCH- 512GB SSD/4GB RAM-Intel CELERON QUAD CORE WIN10 Pro +Mouse &USB Light,"₦ 250,000",N/A,N/A,N/A,0,0.0
Hp EliteBook 840 G6 Intel Core I5-16GB RAM/1TB SSD/Backlit,"₦ 569,000","₦ 900,000",37%,4.3,32,320.0
Hp ProBook 11 X360- TOUCH Intel Celeron 256GB 4GB RAM WIN10 Pro & USB LIGHT FOR KEYBOARD,"₦ 220,000","₦ 930,000",76%,N/A,1,10.0
Hp EliteBook 840 G5 TOUCHSCREEN Core I5-16GB RAM/1TB SSD/Backlit Keyboard/FP Reader Win 11 Laptop+BAG,"₦ 570,000","₦ 770,000",26%,4.4,34,340.0
Lenovo X360 Convertible Intel Celeron 128GB SSD 4GB Ram Touch+pouch Mouse,"₦ 200,000",N/A,N/A,3.5,2,20.0
Hp ProBook 11 X360- TOUCH- 256GB SSD/4GB RAM-Intel CELERON QUAD CORE WIN10 Pro +Mouse &USB Light,"₦ 220,000","₦ 280,000",21%,3.6,17,170.0
Hp ProBook 11 X360- Intel Pentium 256GB SSD-TOUCHSCREEN 4GB RAM Windows10 Pro + Laptop Pouch,"₦ 228,000",N/A,N/A,3.6,5,50.0
Hp ELITEBOOK 840 G6 TOUCHSCREEN CORE I5 8GB RAM/ 256GB SSD BACKLIT KEYBOARD FP READER WIN 11 PRO,"₦ 515,000","₦ 750,000",31%,N/A,0,0.0
Hp EliteBook 840 G6 Intel Core I5-16GB RAM/256GB SSD/Backlit Keyboard/FP Reader Windows 11 Pro,"₦ 800,000",N/A,N/A,N/A,1,10.0
"WOZIFAN 14.1""Intel Celeron N4020 6GB+256GB,SSD Support To 1 TB，2.4G+5G Wi-Fi,1920*1080 Laptop Blue","₦ 375,300","₦ 1,606,500",77%,3.7,9,90.0
Hp ProBook 11 X360- TOUCH- 128GB SSD/4GB RAM-Intel CELERON QUAD CORE WIN10 Pro,"₦ 205,000","₦ 400,000",49%,2.5,2,20.0
Hp EliteBook 845 G8 - Ryzen 5 Pro 5650U/AMD 2.3 - 16GB RAM/512GB SSD WIN 11 PRO+BAG,"₦ 590,000","₦ 690,000",14%,N/A,1,10.0
Hp Notebook 11 Pro G5 TOUCHSCREEN-512GB SSD 4GB RAM- Intel Celeron - Windows 10 Pro + Bag,"₦ 269,999","₦ 600,000",55%,N/A,2,20.0
Hp EliteBook 840 G6 Intel Core I5- 16GB RAM/512GB SSD/Backlit Keyboard/FP Reader Windows 11 Pro + BAG,"₦ 510,000",N/A,N/A,3.3,3,30.0
"Hp STREAM 11, INTEL CELERON, 4GB RAM,64GBSSD WINS 10+BAG","₦ 155,000","₦ 250,000",38%,N/A,2,20.0
"DELL Latitude 3190 2in1 X360 INTEL PENTIUM, Touchscreen 128GB SSD 8GB WIN 11 Pro","₦ 220,000","₦ 468,731",53%,N/A,3,30.0
"Hp CHROMEBOOK  INTEL CELERON ,4GB RAM,16GB WINDOWS 10","₦ 120,000","₦ 228,000",47%,3.3,3,30.0
Hp Stream 11 - Intel Celeron- Education Edition - 4GB RAM - 64GB HDD Windows 10 Pro+ Keyboard USB Light,"₦ 200,000","₦ 250,000",20%,3.7,3,30.0
"Hp CHROMEBOOK, INTEL CELERON, 4GB RAM,16GB EMMC + BAG","₦ 120,000","₦ 140,000",14%,4.3,4,40.0
Hp ProBook 11 X360- TOUCH- 256GB SSD/4GB RAM-Intel CELERON QUAD CORE WIN10 Pro +Mouse &USB Light,"₦ 220,000","₦ 349,000",37%,N/A,1,10.0
Hp ProBook 11 X360- Intel Pentium 256GB SSD-TOUCHSCREEN 8GB RAM Windows10 Pro + Laptop Pouch,"₦ 290,000",N/A,N/A,4.2,10,100.0
"Hp CHROMEBOOK 11 G5,INTEL CELERON,4GB RAM,32GB EMMC WINS 10","₦ 140,000",N/A,N/A,N/A,0,0.0
"Hp CHROMEBOOK11, CELERON, 4GB RAM,16GB SSD + 32GBFLASH","₦ 120,000","₦ 240,000",50%,4.8,4,40.0
Hp Stream 11 64GB 4GB,"₦ 175,000",N/A,N/A,4.5,2,20.0
"DELL Latitude 3350 Core I3 8GB RAM, 500GB HDD Windows 10pro + Keyboard Flash Light","₦ 450,000","₦ 500,000",10%,4.3,3,30.0
DELL Latitude 3190 INTEL CELERON 256GB SSD 4GB WIN 10 Pro+pouch,"₦ 190,000",N/A,N/A,3.2,6,60.0
Hp ProBook 11 X360- Intel CELERON LAPTOPS - 128GB SSD-TOUCHSCREEN 4GB RAM Windows10 Pro +,"₦ 205,000","₦ 400,000",49%,N/A,3,30.0
Hp Stream 11- Intel Celeron - 32GB MMC 2GB RAM On Board Windows10+ 32GB Flash Mouse,"₦ 140,000",N/A,N/A,N/A,2,20.0
Hp EliteBook 830 G6 TOUCHSCREEN Core I5-8GB RAM/256GB SSD/Backlit Keyboard/Windows 11 Pro+BAG,"₦ 475,000","₦ 778,000",39%,4.5,2,20.0
DELL Latitude 7400 TOUCHSCREEN Intel Core I7- 1TB SSD/16GB RAM BACKLIGHT KEYBOARD/WIN 11 PRO+BAG,"₦ 850,000","₦ 876,000",3%,N/A,2,20.0
Hp Stream 11 Laptop- Intel Celeron - 64GB SSD 4GB RAM Windows 10 PRO +USB Light For Keyboard,"₦ 170,000","₦ 340,000",50%,3.4,7,70.0
Hp ProBook 11 X360- TOUCH Intel Celeron 128GB 4GB RAM WIN10 Pro,"₦ 195,000","₦ 270,000",28%,4.8,6,60.0
Hp ProBook 11 X360- TOUCH- 256GB SSD/4GB RAM-Intel CELERON QUAD CORE WIN10 Pro +Mouse &USB Light,"₦ 220,000","₦ 349,000",37%,4.3,4,40.0
Hp Stream 11 Laptop- Intel Celeron - 64GB SSD 4GB RAM Windows 10 PRO+ Mouse & USB Light For Keyboard,"₦ 155,000","₦ 250,000",38%,4.3,4,40.0
Hp ProBook 11 X360- Intel CELERON LAPTOPS - 128GB SSD-TOUCHSCREEN 4GB RAM Windows10 Pro + Mouse,"₦ 205,000","₦ 400,000",49%,2.5,2,20.0
Hp EliteBook 840 G6 Intel Core I5 16GB RAM/512GB SSD/Backlit Keyboard/ Touch FP Reader Wins 11 Pro,"₦ 585,000","₦ 780,900",25%,N/A,16,160.0
"DELL Latitude 3150 Intel Pentium 8GB RAM, 500GB HDD Windows 10 + Keyboard Flash Light","₦ 230,000","₦ 350,000",34%,3.5,12,120.0
DELL Latitude 7490 512GB SSD/16GB RAM/ Intel Core I5/ BACKLIGHT KEYBOARD-WIN 11PRO+BAG,"₦ 430,000","₦ 880,000",51%,N/A,1,10.0
Hp EliteBook 840 G6 TOUCHSCREEN Intel Core I5-16GB RAM/512GB SSD/ Backlit Keyboard/Windows11Pro+BAG,"₦ 530,000","₦ 990,000",46%,N/A,2,20.0
Hp ELITEBOOK X360 1030 G3 INTEL CORE I5 1TB SSD/8GB RAM BACKLIT KEYBOARD FP READER WIN 11 PRO+BAG,"₦ 755,000","₦ 800,000",6%,3.3,3,30.0
Lenovo X360 Convertible,"₦ 201,000",N/A,N/A,N/A,1,10.0
Hp Stream 11 64gb,"₦ 180,000",N/A,N/A,N/A,0,0.0
DELL Latitude 3189 X360 INTEL PENTIUM 128GB SSD 4GB WIN 10 Pro+pouch,"₦ 200,000",N/A,N/A,4.6,12,120.0
Hp Stream 11 - Intel Celeron- Education Edition - 4GB RAM - 64GB HDD Windows 10 Pro+ Keyboard USB Light,"₦ 200,000","₦ 250,000",20%,N/A,0,0.0
Hp EliteBook 830 G5 Intel Core I5-32GB RAM/1TB SSD/Backlit TOUCHSCREEN - FP Reader Wins 11 Pro + BAG,"₦ 630,000","₦ 700,000",10%,N/A,2,20.0
Hp EliteBook 840 G5 Intel Core I5-16GB RAM-256GB SSD-Backlit Keyboard 11 Pro+BAG,"₦ 485,000","₦ 590,000",18%,4.4,10,100.0
"Lenovo Thinkpad 11e Intel Celeron, 256GB/8GB Windows 10 Pro + Bag","₦ 300,000",N/A,N/A,N/A,0,0.0
Hp EliteBook 845 G8 - Ryzen 7 Pro 4650U/AMD 2.3 - 16GB RAM/512GB SSD WIN 11 PRO+BAG,"₦ 760,000","₦ 900,000",16%,3.5,4,40.0
Lenovo X360 Convertible Intel Celeron 128GB SSD 4GB Ram Touch+pouch Mouse,"₦ 197,000",N/A,N/A,4.3,3,30.0
Hp EliteBook 840 G5 TOUCHSCREEN Core I5-16GB RAM/1TB SSD/Backlit Keyboard/FP Reader WIN 11 Pro+BAG,"₦ 585,000","₦ 730,000",20%,N/A,2,20.0
"DELL Latitude 7490 Intel Core I5, Keyboard Backlit, 8GB RAM, 256GB SSD Windows 11 + Free Mouse","₦ 380,000","₦ 450,000",16%,N/A,3,30.0
Hp EliteBook 840 G5 TOUCHSCREEN Intel Core I5-16GB RAM/512GB SSD/ Backlit Keyboard/Windows11Pro+BAG,"₦ 535,000","₦ 990,000",46%,N/A,3,30.0
Hp Stream 11 Laptop- Intel Celeron - 64GB SSD 4GB RAM Windows 10 PRO +USB Light For Keyboard,"₦ 170,000","₦ 340,000",50%,N/A,0,0.0
"Hp CHROMEBOOK  INTEL CELERON ,4GB RAM,32GB WINDOWS 10","₦ 110,000",N/A,N/A,3.8,13,130.0
DELL Latitude 3190 Celeron 128SSD 4GB RAM Wins 10 + Keyboard Flash Light,"₦ 210,000","₦ 250,000",16%,N/A,0,0.0
"Hp 15 VICTUS GAMING, 12TH GEN INTEL CORE I5, 16GB RAM, 512GB SSD,4GB NVIDIA RTX 2050 WINS 11","₦ 1,421,800",N/A,N/A,3.3,4,40.0
DELL Latitude 3190 INTEL CELERON 128GB SSD 4GB WIN 10 Pro+pouch,"₦ 170,000",N/A,N/A,N/A,1,10.0
Hp ProBook 11 X360- TOUCH Intel Celeron 256GB 4GB RAM WIN 10 Pro+ MOUSE & USB LIGHT FOR KEYBOARD,"₦ 220,000","₦ 820,000",73%,4.3,12,120.0
"Apple MacBook Pro 16.2"" 40 Core 48GB/1TB M3 Max - Black","₦ 6,500,999","₦ 9,999,999",35%,N/A,0,0.0
Hp ELITEBOOK X360 1030 G3 8TH GEN CORE I5 8GB RAM/ 256GB SSD BACKLIT KEYBOARD FP READER WIN 11 PRO,"₦ 590,000","₦ 650,000",9%,N/A,1,10.0
Hp Stream 11 Laptop- Intel Celeron - 64GB SSD 4GB RAM Windows 10 PRO +USB Light For Keyboard,"₦ 170,000","₦ 340,000",50%,2.5,4,40.0
"DELL Latitude 3190, INTEL PENTIUM 128GB SSD 4GB WIN 10","₦ 200,000","₦ 250,000",20%,2.7,3,30.0
Hp Elitebook 830 G7 Touch Screen Intel Core I7 512SSD/16GB RAM Win 11 Pro,"₦ 890,000","₦ 990,000",10%,3.6,9,90.0
Lenovo Ideapad 15 Inch Intel® Celeron® 8GB RAM DDR4 - 256 SSD Windows 11 + POUCH BAG,"₦ 371,524","₦ 990,000",62%,3.4,5,50.0
Hp CHROMEBOOK 11 INTEL CELERON 4GB RAM 16GB WINS 10+light,"₦ 120,000",N/A,N/A,N/A,0,0.0
"Hp CHROMEBOOK 11 G4,INTEL CELERON,4GB RAM,32GB SSD + BAG","₦ 140,000",N/A,N/A,N/A,1,10.0
"DELL Latitude 3180 Intel Celeron 4GB RAM, 128GB SSD Windows 10 + Keyboard Flash Light","₦ 200,000","₦ 250,000",20%,3.8,16,160.0
DELL Latitude 7400 512GB SSD/16GB RAM/ Intel Core I7 / BACKLIGHT KEYBOARD-WIN 11 PRO+ BAG,"₦ 650,000","₦ 980,000",34%,N/A,0,0.0
Hp EliteBook 840 G6 Intel Core I5-8GB RAM/512GB SSD/Backlit Keyboard/FP Reader Wins 11 Laptop +BAG,"₦ 480,000","₦ 965,100",50%,N/A,0,0.0
Hp EliteBook 845 AMD RYZEN 7 PRO - 4750U-16GB RAM/512GB SSD/Backlit Keyboard/FP Reader Win11 Pro +BAG,"₦ 630,000","₦ 800,000",21%,4.7,3,30.0
Hp ProBook 11 X360- TOUCH Intel Celeron 256GB 8GB RAM WIN10 Pro & USB LIGHT FOR KEYBOARD,"₦ 220,000","₦ 400,000",45%,N/A,0,0.0
Hp Stream 11 Laptop- Intel Celeron - 64GB SSD 4GB RAM Windows 10 PRO+ Mouse & USB Light For Keyboard,"₦ 190,000",N/A,N/A,N/A,1,10.0
Hp ProBook 11 X360- Touch Intel Pentium 256GB 4GB RAM Win 10,"₦ 200,000",N/A,N/A,N/A,0,0.0
Hp Chromebook 11 Celeron 4gb RAM 16gb Windows10,"₦ 130,000","₦ 145,000",10%,N/A,0,0.0
Hp Stream 11 Pro G4 Intel Celeron - TOUCHSCREEN- 1.1 Up To 2.2 Burst Frequency(4gb Ram 64gb SSD + 1TB One Storage) Education Edition Laptop Windows 10+ USB Light For Keyboard,"₦ 935,000",N/A,N/A,N/A,1,10.0
Hp EliteBook  830 G6 TOUCHSCREEN Intel Core I5-16GB RAM/1TB SSD/Backlit Keyboard/Windows 11 Pro+BAG,"₦ 570,000","₦ 702,000",19%,N/A,0,0.0
Hp ProBook 11 X360- TOUCH- 512GB SSD/4GB RAM-Intel CELERON QUAD CORE WIN10 Pro +Mouse &USB Light,"₦ 250,000","₦ 800,000",69%,N/A,0,0.0
Hp EliteBook 840 G6 Intel Core I5- 8GB RAM/512GB SSD/Backlit Keyboard/FP Reader Win 11 Pro Laptop+BAG,"₦ 490,000","₦ 900,000",46%,4.5,22,220.0
Hp ENVY 14 X360 13TH GEN INTEL CORE I7 16GB RAM 1TB SSD BACKLIT KEYBOARD FP READER WINS 11,"₦ 1,590,000",N/A,N/A,N/A,3,30.0
Hp ProBook 11 X360- TOUCH Intel Celeron 256GB 4GB RAM WIN10 Pro & USB LIGHT FOR KEYBOARD,"₦ 220,000","₦ 900,000",76%,4.2,5,50.0
Hp PRO ProBook 11 X360 TOUCH INTEL CORE I5 512GB SSD- 8GB RAM Windows 11+ 32GB FLASH & POUCH BAG,"₦ 430,000",N/A,N/A,N/A,0,0.0
Hp ProBook 11 X360- TOUCH- 256GB SSD/4GB RAM-Intel CELERON QUAD CORE WIN10 Pro +Mouse &USB Light,"₦ 220,000","₦ 400,000",45%,N/A,11,110.0
Hp ProBook 11 X360- TOUCH- 512GB SSD/4GB RAM-Intel CELERON QUAD CORE WIN10 Pro +Mouse &USB Light,"₦ 250,000","₦ 800,000",69%,N/A,1,10.0
Hp Notebook 15 Laptop Intel Pentium N200 Quad-Core 8GB RAM 128GB SSD 15.6-inch Windows 11 Red,"₦ 396,999","₦ 800,000",50%,N/A,0,0.0
Hp ProBook 11 X360- TOUCH Intel Celeron 512GB 4GB RAM WIN10 Pro+ USB LIGHT FOR KEYBOARD,"₦ 260,549","₦ 620,000",58%,3.8,4,40.0
Hp EliteBook 840 G6 Intel Core I5-12GB RAM/512GB SSD/Backlit Keyboard/FP Reader Windows 11 Pro + BAG,"₦ 490,000","₦ 800,000",39%,N/A,0,0.0
Hp ProBook 11 X360- TOUCH Intel Celeron 256GB 4GB RAM WIN 10 Pro+ MOUSE & USB LIGHT FOR KEYBOARD,"₦ 220,000","₦ 850,000",74%,3.5,4,40.0
Hp EliteBook 840 G6 Intel Core I5- 16GB RAM/512GB SSD/Backlit,"₦ 510,000",N/A,N/A,N/A,0,0.0
Hp EliteBook 830 G6 X360 TOUCHSCREEN Core I5-16GB RAM/512GB SSD/Backlit Keyboard/Windows 11 Pro+BAG,"₦ 590,000","₦ 650,000",9%,3.9,8,80.0
Hp Stream 11 Laptop- Intel Celeron -TOUCH SCREEN 128GB SSD 4GB RAM Windows 10 PRO +USB Light For Keyboard,"₦ 200,000","₦ 325,000",38%,N/A,1,10.0
Hp EliteBook 840 G6 Intel Core I5- 16GB RAM/256GB SSD/Backlit Keyboard/FP Reader Windows 11 Pro +MOUSE,"₦ 490,000","₦ 900,000",46%,N/A,0,0.0
Hp Stream 11 Laptop- Intel Celeron - 64GB SSD 4GB RAM Windows 10 USB Light For Keyboard,"₦ 140,000",N/A,N/A,N/A,0,0.0
Hp EliteBook 840 G6 Intel Core I5- 16GB RAM/512GB SSD/Backlit Keyboard/FP Reader Win 11 Pro Laptop+BAG,"₦ 510,000","₦ 900,000",43%,N/A,2,20.0
Hp ProBook 11 X360- TOUCH- 512GB SSD/4GB RAM-Intel CELERON QUAD CORE WIN10 Pro +Mouse &USB Light,"₦ 240,000","₦ 620,000",61%,N/A,1,10.0
Hp EliteBook 840 G5 TOUCHSCREEN Core I5-16GB RAM/512GB SSD/Backlit Keyboard/Windows 11 Pro+BAG,"₦ 530,000","₦ 750,000",29%,N/A,1,10.0
"Hp CHROMEBOOK 11 G4, CELERON, 4GB RAM,16GB SSD + 32GB FLASH","₦ 120,000","₦ 230,000",48%,N/A,2,20.0
"DELL G7630 GAMING 13TH GEN INTEL CORE I9 UP TO 5.4GHZ 16GB RAM 1TB SSD 16"" RTX 4060 (8GB) WINS 11","₦ 2,802,000","₦ 3,190,000",12%,N/A,1,10.0
DELL Latitude 7400 TOUCHSCREEN Core I7/16GB RAM 512GB SSD/BACKLIGHT KEYBOARD/WIN 11 PRO+BAG,"₦ 750,000","₦ 920,000",18%,4.7,7,70.0
Hp EliteBook 840 G5 TOUCHSCREEN Core I7-32GB RAM/1TB SSD/Backlit Keyboard/FP Reader WIN 11 Pro+BAG,"₦ 785,000","₦ 990,000",21%,4.7,3,30.0
Asus Vivobook Go 15 Celeron E510MA-BR583W 15.6-inch 4GB 256GB SSD Win 11,"₦ 340,000",N/A,N/A,4.5,2,20.0
Hp EliteBook 840 G5 TOUCHSCREEN Core I5-8GB RAM/256GB SSD/Backlit Keyboard/Windows 11 Pro+BAG,"₦ 515,000","₦ 750,000",31%,N/A,0,0.0
"Hp ProBook X360- TOUCH Intel Celeron 256GB SSD, 4GB RAM +BAG","₦ 220,000","₦ 800,000",73%,N/A,1,10.0
Hp EliteBook 830 G5 Intel Corei5-16GB RAM/1TB SSD/Backlit Keyboard/FP Reader Win11 Pro+pouch Mouse,"₦ 510,000",N/A,N/A,3.5,2,20.0
DELL Latitude 5410 TOUCHSCREEN  Core I5 10th Gen -512GB SSD/16GB RAM Keyboard BACKLIT /WIN 11+ BAG,"₦ 550,000","₦ 650,000",15%,4.8,6,60.0
Hp EliteBook 845 G7 AMD RYZEN 7 PRO - 4750U-16GB RAM/512GB SSD/Backlit Key/FP Reader Win11 Pro +BAG,"₦ 630,000","₦ 800,000",21%,N/A,0,0.0
DELL Latitude 7490 TOUCHSCREEN 512GB SSD/16GB RAM/ Intel Core I7/ BACKLIGHT KEYBOARD-WIN 11PRO+BAG,"₦ 590,000","₦ 670,000",12%,N/A,2,20.0
Hp ProBook 11 X360- TOUCH- 256GB SSD/4GB RAM-Intel CELERON QUAD CORE WIN10 Pro +Mouse &USB Light,"₦ 215,000","₦ 620,000",65%,N/A,0,0.0
"DELL Dell, CHROMEBOOK 11 G4, INTEL CELERON, 4GB RAM, 16GB SSD,","₦ 155,000","₦ 180,000",14%,N/A,0,0.0
"Hp ProBook X360 11Touchscreen Core I5-8GB DDR4, 512GB SSD Win10 Pro Pouch Mouse","₦ 365,000","₦ 410,000",11%,3.9,7,70.0
DELL Latitude 3180 Intel Celeron 128GB SSD 4GB RAM Wins 10pro + Bag,"₦ 190,000","₦ 250,000",24%,N/A,3,30.0
Hp EliteBook 830 G6 Intel Core I5-16GB RAM/1TB SSD/Backlit TOUCHSCREEN/FP Reader Wins 11 Laptop +BAG,"₦ 560,000 - ₦ 590,000","₦ 700,000",20%,N/A,1,10.0
Hp CHROMEBOOK 11 INTEL CELERON 4GB RAM 16GB WINS 10,"₦ 127,500","₦ 145,000",12%,N/A,0,0.0
Hp Stream- Intel Celeron - 32GB SSD 4GB RAM Windows 10 PRO+ USB Light For Keyboard,"₦ 155,000",N/A,N/A,N/A,0,0.0
DELL Latitude 7490 Intel Core I7- 1TB SSD/16GB RAM BACKLIGHT KEYBOARD/WIN 11 PRO+BAG,"₦ 700,000","₦ 800,000",13%,N/A,0,0.0
Hp Stream 11 Laptop- Intel Celeron - 64GB SSD 4GB RAM Windows 10 PRO+ Mouse & USB Light For Keyboard,"₦ 190,000","₦ 875,000",78%,N/A,0,0.0
Hp ProBook 11 X360- TouchScreen  - Intel Pentium 256GB SSD 4GB RAM TOUCH WIN10 Pro,"₦ 220,000","₦ 250,000",12%,4.7,6,60.0
"Hp CHROMEBOOK ,INTEL CELERON, 4GB RAM,16GB SSD +BAG","₦ 120,000",N/A,N/A,N/A,0,0.0
Hp  EliteBook 840 G5 Intel Core I5-32GB RAM/512GB SSD/Backlit Keyboard/FP Reader Wins 11 Pro +BAG,"₦ 550,000",N/A,N/A,N/A,0,0.0
Hp EliteBook 840 G6 Intel Core I5- Backlit Keyboard/FP Reader 12GB RAM/256GB SSD Win 11 Pro + BAG,"₦ 463,200","₦ 790,000",41%,N/A,3,30.0
"DELL Latitude 3350 Intel Core I3 8GB RAM, 256GB SSD Windows 11 + Keyboard Flash Light","₦ 299,999","₦ 300,000",1%,N/A,1,10.0
Hp EliteBook 840 G6 Intel Core I5-16GB RAM/512GB SSD/Backlit Keyboard/FP Reader Wins 11 Pro Laptop+BAG,"₦ 510,000","₦ 850,000",40%,4.3,9,90.0
"Hp Stream 11 Mini Intel Celeron Dual Core,11.6Inches,(32GB SSD,4GB RAM+32GB Flash,Mouse,USB Light For Keyboard) Windows 10","₦ 190,000","₦ 875,000",78%,N/A,1,10.0
Hp ProBook 11 X360- TOUCH- 512GB SSD/8GB RAM-Intel CELERON QUAD CORE WIN10 Pro +MOUSE,"₦ 340,000",N/A,N/A,N/A,0,0.0
DELL Latitude 5400 TOUCHSCREEN Intel Core I5-512GB SSD/16GB RAM Keyboard BACKLIT /WIN 11 PRO+ BAG,"₦ 475,000","₦ 850,000",44%,N/A,3,30.0
"DELL Latitude 3340, Intel Celeron, 500GB 8GB RAM Windows 10 Pro","₦ 350,000",N/A,N/A,4.5,2,20.0
Hp ProBook 11 X360- TOUCH- 256GB SSD/4GB RAM-Intel CELERON QUAD CORE WIN10 Pro +Mouse &USB Light,"₦ 220,000",N/A,N/A,N/A,1,10.0
Hp EliteBook 845 G8 - Ryzen 5 Pro 5650U/AMD 2.3 - 16GB RAM/512GB SSD WIN 11 PRO+BAG,"₦ 590,000","₦ 792,000",26%,4.8,9,90.0
Hp EliteBook 840 G6 Intel Core I5-8GB RAM/256GB SSD/Backlit Keyboard/FP Reader Windows 11 Pro + BAG,"₦ 470,000","₦ 550,000",15%,4.7,9,90.0
Hp EliteBook 840 G5 Intel Core I5-32GB RAM/1TB SSD/Backlit Keyboard/FP Reader Wins 11 Laptop +BAG,"₦ 575,000","₦ 650,000",12%,N/A,0,0.0
Hp Chromebook 11 Celeron 2gb RAM 32gb Windows10,"₦ 130,000","₦ 145,000",10%,N/A,0,0.0
DELL Latitude 3190 INTEL CELERON 128GB SSD 4GB WIN 10 Pro+pouch,"₦ 200,000",N/A,N/A,N/A,2,20.0
"Hp Envy 15 X360 13th Gen, Intel Core I7 (16GB/1TB SSD) Touch/Backlit Keyboard, Wins 11+Mouse","₦ 1,590,500","₦ 1,699,000",6%,N/A,1,10.0
Hp EliteBook 840 G6 Intel Core I5-16GB RAM/1TB SSD/Backlit Keyboard/FP Reader Windows 11 Pro,"₦ 569,000","₦ 900,000",37%,N/A,0,0.0
Hp ELITEBOOK X360 1040 G7 TOUCHSCREEN IntelCORE I7-16GB RAM/512GB SSD/BACKLIGHT KEYBOARD/WIN11 PRO+BAG,"₦ 940,000","₦ 1,300,000",28%,N/A,0,0.0
"DELL Latitude 7490 Intel Core I5, Keyboard Backlit, 8GB RAM, 256GB SSD Windows 11 + Free Mouse","₦ 380,000","₦ 450,000",16%,N/A,0,0.0
Hp CHROMEBOOK 11 INTEL CELERON 4Gb RAM 16GB WINS 10,"₦ 95,000",N/A,N/A,N/A,0,0.0
Hp EliteBook 830 G5 Intel Core I5-8GB RAM/256GB SSD/Backlit/ TOUCHSCREEN- FP Reader Wins 11 Pro + BAG,"₦ 500,000","₦ 700,000",29%,N/A,0,0.0
Hp EliteBook 840 G5 Intel Core I5-16GB RAM/1TB SSD/Win11+BAG,"₦ 560,000","₦ 950,000",41%,4.2,6,60.0
Hp PROBOOK 11 X360 TOUCHSCREEN 4GB RAM 128GB SSD INTEL PENTIUM Windows 10,"₦ 300,000",N/A,N/A,N/A,2,20.0
Hp EliteBook 840 G6 Intel Core I5- 16GB RAM/512GB SSD/Backlit Keyboard/FP Reader Windows 11 Pro + BAG,"₦ 510,000","₦ 799,000",36%,N/A,1,10.0
Hp Stream 11 Laptop- Intel Celeron - 64GB SSD 4GB RAM Win10 P,"₦ 180,999",N/A,N/A,N/A,0,0.0
Hp EliteBook 840 G6 Intel Core I5- 16GB RAM/512GB SSD + BAG,"₦ 510,000","₦ 935,000",45%,N/A,0,0.0
Hp ELITEBOOK X360 830 G7 TOUCHSCREEN CORE I5/16GB RAM/512GB SSD/BACKLIT KEYBOARD /FP READER- WINDOW 11,"₦ 650,000","₦ 740,000",12%,4.8,4,40.0
Hp Stream 11 Laptop- Intel Celeron - 64GB SSD 4GB RAM Windows 10 PRO HP +Mouse &USB Light For Keyboard,"₦ 190,000","₦ 300,000",37%,N/A,0,0.0
Acer ASPIRE 5 256GB 8GB AMD RYZEN5,"₦ 585,600",N/A,N/A,N/A,1,10.0
Hp EliteBook 830 G5 Intel Core I5-8GB RAM/512GB SSD/Backlit TOUCHSCREEN/FP Reader Wins 11 Laptop +BAG,"₦ 500,000","₦ 705,000",29%,N/A,1,10.0
Lenovo 10W QUALCOMM SNAPDRAGON 4GB RAM 64GB EMMC 10.1 TOUCH DETACHABLE WINS 11,"₦ 240,000","₦ 289,000",17%,N/A,1,10.0
Hp EliteBook 840 G6 Intel Core I5-16GB RAM/256 SSD/Backlit Keyboard/FP Reader Win 11 Pro Laptop + BAG,"₦ 472,850","₦ 990,000",52%,N/A,1,10.0
Hp CHROMEBOOK 11 INTEL CELERON 4GB RAM 16GB WINS 10+light,"₦ 120,000",N/A,N/A,N/A,1,10.0
Hp OMEN TRANSCEND 14 14TH GEN INTEL CORE ULTRA 9 UP TO 5.1GHz 32GB RAM 1TB SSD RTX 4070 (8GB) WINS 11,"₦ 3,999,999","₦ 4,500,000",11%,N/A,0,0.0
"DELL Refurbished Dell Latitude E5470 14-Inch Laptop (Intel Core-i5-6300U Upto 3.0 GHz, 8GB RAM 256GB ROM..","₦ 272,290","₦ 350,000",22%,N/A,0,0.0
"Hp Spectre14 X360 (2024) - 14th Gen Intel Core Ultra 7 155H Processor - 16GB RAM / 1TB SSD - 14.0"" 2.8K OLED Touchscreen - 9MP IR Camera - Intel Arc Graphics - Fingerprint Reader - Rechargeable MPP 2.0 Tilt Pen - Windows 11","₦ 2,599,000","₦ 4,200,000",38%,N/A,0,0.0
Hp CHROMEBOOK 11 INTEL CELERON 4GB RAM 16GB WINS 10+ Mouse And Light,"₦ 129,000","₦ 145,000",11%,N/A,0,0.0
"Hp CHROMEBOOK G4,INTEL CELERON,4GB RAM,32GB SSD, WINS 10","₦ 140,000",N/A,N/A,N/A,0,0.0
"DELL Latitude 3350 Intel Pentium 8GB RAM, 256GB SSD Windows 11 + Keyboard Flash Light","₦ 350,000","₦ 400,000",13%,N/A,1,10.0
Hp  Stream 11 Laptop- Intel Celeron -TOUCH SCREEN 128GB SSD 4GB RAM Windows 10 PRO +USB Light For Keyboard,"₦ 200,000","₦ 320,000",38%,N/A,0,0.0
Hp ProBook 11 X360- TOUCH Intel Celeron 256GB 4GB RAM WIN 10 Pro+ MOUSE & USB LIGHT FOR KEYBOARD,"₦ 212,300","₦ 920,000",77%,4.2,13,130.0
Hp EliteBook 845 G7 AMD RYZEN 7 PRO - 4750U-16GB RAM/512GB SSD/Backlit Key/FP Reader Win11 Pro +BAG,"₦ 630,000","₦ 800,000",21%,N/A,0,0.0
"Hp Omen 16 Gaming 13th Gen Intel Core I7 16GB RAM/1TB SSD 16.1"" Nvidia RTX 4050 6GB WINS 11","₦ 2,500,000","₦ 2,534,900",1%,N/A,1,10.0
Hp EliteBook 840 G6 Intel Core I5-16GB RAM/512GB SSD/Backlit Keyboard/FP Reader Win11 Pro LAPTOPS +BAG,"₦ 509,000","₦ 550,000",7%,N/A,1,10.0
Hp EliteBook 840 G6 Intel Core I5- 16GB RAM/512GB SSD/Backlit Keyboard/FP Reader Windows 11 Pro + BAG,"₦ 510,000","₦ 980,000",48%,N/A,2,20.0
Hp ProBook 11 X360- TOUCH Intel Pentium 128GB 4GB RAM WIN10 Pro +,"₦ 195,000","₦ 265,000",26%,N/A,1,10.0
Hp  Stream 11 Pro Intel Celeron 4GB RAM- 64GB HDD WIN 10+ BAG,"₦ 145,000","₦ 250,000",42%,N/A,1,10.0
Hp ProBook 11 X360- Intel CELERON LAPTOPS - 512GB SSD-TOUCHSCREEN 4GB RAM Windows10 Pro,"₦ 230,000","₦ 360,000",36%,N/A,0,0.0
Hp EliteBook X360 830 G6 TOUCHSCREEN Core I5-16GB RAM/512GB SSD/Backlit Keyboard/Windows 11+ BAG,"₦ 590,000","₦ 765,000",23%,3.3,9,90.0
Hp EliteBook 840 G6 Intel Core I5-8GB RAM/512GB SSD  Backlit Keyboard Win 11 Pro + BAG & HP MOUSE,"₦ 490,000","₦ 990,000",51%,N/A,3,30.0
Hp EliteBook 845 G7 AMD RYZEN 7 PRO -16GB RAM/512GB/Backlit Key,"₦ 630,000","₦ 935,000",33%,N/A,1,10.0
Hp STREAM 11 LAPTOP-CELERON-64 SSD 4GB RAM Windows 10 PRO+  & USB Light For Keyboard,"₦ 250,000",N/A,N/A,N/A,1,10.0
Hp  EliteBook 840 G6 Intel Core I5-16GB RAM/512GB SSD/Backlit Keyboard/FP Reader Wins 11 Laptop +BAG,"₦ 510,000",N/A,N/A,N/A,0,0.0
Hp Spectre 16 X360 (2024) - 14th Gen Intel Core Ultra 7 155H Processor - 16.0'' 2.8K OLED Touchscreen - 32GB RAM / 1TB SSD - 6GB Nvidia GeForce RTX 4050 - Fingerprint Reader / 9MP IR Webcam - Rechargeable Pen + USB-C Multi-Port Hub - Windows 11,"₦ 3,599,000","₦ 4,500,000",20%,N/A,0,0.0
Hp EliteBook 840 G5 Intel Corei5-16GB RAM/512GB SSD/Backlit Keyboard/FP Reader Win11 Pro+pouch Mouse,"₦ 498,000",N/A,N/A,N/A,1,10.0
Hp ProBook 11 X360- TOUCH 512GB SSD/4GB CELERON QUAD CORE WIN11,"₦ 248,000","₦ 700,000",65%,N/A,0,0.0
Hp Notebook 11 Pro G5 TOUCHSCREEN-128GB SSD 4GB RAM- Intel Celeron - Windows 10 Pro + Bag,"₦ 220,000","₦ 400,000",45%,4.7,3,30.0
DELL Latitude 5410 TOUCHSCREEN 10GEN 1TB SSD/16GB RAM/ Intel Core I5/ BACKLIT KEYBOARD-WIN 11PRO,"₦ 615,000","₦ 850,000",28%,N/A,1,10.0
"DELL Latitude 3180 Intel Celeron 4GB RAM, 128GB SSD Windows 10 + Keyboard Flash Light","₦ 185,000","₦ 210,000",12%,N/A,0,0.0
"Hp CHROMEBOOK 11 ,INTEL CELERON,4GB RAM,16GB SSD","₦ 95,000",N/A,N/A,N/A,0,0.0
Hp Pro ProBook 11 X360 TOUCH INTEL CORE I5 256GB SSD- 8GB RAM Windows 11+ 32GB FLASH & POUCH BAG,"₦ 360,000",N/A,N/A,N/A,1,10.0
Hp EliteBook 840 G5 Intel Core I5-16GB RAM/512 SSD/Backlit Keyboard/FP Reader Windows 11 Pro + BAG,"₦ 520,000","₦ 580,000",10%,4.5,2,20.0
"Apple MacBook Pro 14"" Laptop - M3 Pro Chip - 18GB  - 14-core GPU - 512 SSD - Space Black/2023","₦ 3,350,000",N/A,N/A,N/A,3,30.0
"Hp Envy 15 X360 Touchscreen-13th Gen Intel Core I7, 16GB RAM,1TB SSD, Backlit Keyboard, Wins 11","₦ 1,590,000","₦ 1,699,000",6%,N/A,0,0.0
Hp Stream 11 Pro G5 Touchscreen Intel Celeron 128GB SSD 4GB DDR4 RAM Windows 10 Pro + Bag,"₦ 205,000","₦ 250,000",18%,N/A,0,0.0
Hp EliteBook 840 G6 Intel Core I5- 16GB RAM/512GB SSD/Backlit Keyboard/FP Reader Windows 11 Pro + BAG,"₦ 510,000","₦ 799,000",36%,N/A,1,10.0
Hp ProBook 11 X360- Intel Pentium 256GB SSD-TOUCHSCREEN 4GB RAM Windows10 Pro + Laptop Pouch,"₦ 200,000",N/A,N/A,N/A,1,10.0
Lenovo Ideapad 15 Inch Intel® Celeron® 8GB RAM DDR4 - 256 SSD Windows 11 + POUCH BAG,"₦ 371,524","₦ 958,000",61%,N/A,13,130.0
Hp Elitebook X2 Intel Core I5 256GB SSD/8GB RAM/Backlit-Keypad - TouchScreen- Windows 10 PRO+ PEN,"₦ 550,000","₦ 850,000",35%,N/A,0,0.0
Hp EliteBook 840 G6 IntelCore I5-16GB RAM/1TB SSD  WIN11+BAG,"₦ 560,000","₦ 650,000",14%,N/A,0,0.0
Hp EliteBook 840 G6 Intel Core I5-16GB RAM/1TB SSD/Backlit Keyboard/FP Reader Windows 11 + BAG,"₦ 569,000","₦ 900,000",37%,N/A,2,20.0
Hp ProBook 11 X360- TOUCH Intel Pentium 256GB 8GB RAM WIN10 Pro + MOUSE,"₦ 250,000",N/A,N/A,N/A,0,0.0
DELL Latitude 5400 Intel Core I5-512GB SSD/16GB RAM Keyboard BACKLIT /WIN 11 PRO+ BAG,"₦ 450,000","₦ 750,000",40%,N/A,0,0.0
"Hp CHROMEBOOK, INTEL CELERON, 4GB RAM,32GB EMMC WINS 10","₦ 120,000",N/A,N/A,N/A,3,30.0
Hp Chromebook 11 Celeron 4gb RAM 16gb Windows10+mouse,"₦ 130,000","₦ 144,000",10%,N/A,0,0.0
Hp EliteBook 830 G5 TOUCHSCREEN Core I5-16GB RAM/512GB SSD/Backlit Keyboard/Windows 11 Pro+BAG,"₦ 565,000","₦ 760,000",26%,3.1,7,70.0
Hp STREAM 11 LAPTOP- CELERON-64GB 4D 4GB RAM Windows 10 PRO+ & USB Light For Keyboard,"₦ 250,000",N/A,N/A,3.6,5,50.0
Hp ProBook 11 X360- TOUCH- 512GB SSD/4GB RAM-Intel CELERON QUAD CORE WIN10 Pro +Mouse &USB Light,"₦ 250,000","₦ 305,000",18%,N/A,1,10.0
"Lenovo Ideapad Intel Celeron,4GB 256GB SSD Wins 11+Free Mouse","₦ 342,900","₦ 395,950",13%,3.9,20,200.0
"Hp CHROMEBOOK 11 ,INTEL CELERON,4GB RAM,32GB SSD","₦ 100,000",N/A,N/A,N/A,0,0.0
"Alienware M18 R2 GAMING 14TH GEN,CORE I7-14700HX,1TB SSD/16GB RAM, RTX 4070,18"" WIN 11","₦ 3,800,000","₦ 4,000,000",5%,N/A,0,0.0
"Hp FLEXIBLE USB LIGHT FOR COMPUTERS,LAPTOP & POWER BANK WHITE","₦ 2,500","₦ 9,000",72%,N/A,1,10.0
DELL Latitude 7490 TOUCHSCREEN Core I7/ 32GB RAM 1TB SSD/BACKLIGHT KEYBOARD/WIN 11PRO+BAG,"₦ 800,000","₦ 950,000",16%,3.8,6,60.0
"DELL ALIENWARE M16 R1,CORE I9-13900HX,4TB SSD/64GB RAM,16GB RTX 4090,16"" QHD+ DISPLAY,WIN 11","₦ 6,000,000",N/A,N/A,N/A,0,0.0
Hp  Stream 11 Laptop- Intel Celeron - 64GB SSD 4GB RAM Windows 10 PRO+ Mouse & USB Light For Keyboard,"₦ 145,000",N/A,N/A,N/A,0,0.0
Hp ProBook 11 X360- Intel CELERON 256GB SSD-TOUCHSCREEN 4GB RAM Windows10,"₦ 200,000",N/A,N/A,N/A,0,0.0
"Lenovo Ideapad  Intel Celeron 4GB RAM 256 SSD  15.6"" Wins 10pro","₦ 339,900","₦ 359,500",5%,N/A,1,10.0
Hp NoteBook 348 G5 Intel Core I5-16GB RAM/1TB SSD/Backlit Keyboard- Windows 11 Pro + BAG,"₦ 560,000","₦ 650,000",14%,N/A,1,10.0
Hp ProBook 11 X360- TOUCH- 256GB SSD/4GB RAM-Intel CELERON QUAD CORE WIN10 Pro +Mouse &USB Light,"₦ 220,000","₦ 400,000",45%,N/A,0,0.0
Hp EliteBook 840 G6 TOUCHSCREEN Intel Core I5/16GB RAM/1TB SSD WINDOW 11PRO +BAG,"₦ 585,000","₦ 980,000",40%,N/A,0,0.0
Hp Pavilion 15 11th Gen Intel Core I5 512GB SSD 16GB RAM Touchscreen/Backlit Keyboard,"₦ 1,150,000","₦ 1,190,000",3%,N/A,4,40.0
Hp EliteBook 840 G7 TOUCHSCREEN 10TH GEN Core I5-16GB RAM/1TB SSD/Backlit Keyboard-WIN 11 Pro+ BAG,"₦ 720,000","₦ 890,000",19%,N/A,0,0.0
Hp ProBook 11 X360- TOUCH- 512GB SSD/4GB RAM-Intel CELERON QUAD CORE WIN10 Pro +Mouse &USB Light,"₦ 250,000","₦ 800,000",69%,N/A,1,10.0
Hp CHROMEBOOK 11 INTEL CELERON 4Gb RAM 32GB WINS 10,"₦ 100,000",N/A,N/A,N/A,0,0.0
Hp EliteBook 840 G5 TOUCHSCREEN Intel Core I7-32GB RAM/512GB SSD/Backlit Keyboard/ WIN 11 Pro+BAG,"₦ 750,000","₦ 900,000",17%,N/A,1,10.0
Hp EliteBook 840 G6 Intel Core I5- 16GB RAM/512GB SSD/Backlit Keyboard/FP Reader Windows 11 Pro +FAN,"₦ 510,000","₦ 950,000",46%,N/A,5,50.0
Hp Stream 11 - Intel Celeron- Education Edition - 4GB RAM - 64GB HDD Windows 10 Pro+ Keyboard USB Light,"₦ 200,000","₦ 250,000",20%,N/A,0,0.0
Hp EliteBook 840 G5 TOUCHSCREEN Intel Core I5-16GB RAM/1TB SSD/Backlit Keyboard/Windows 11 Pro+BAG,"₦ 585,000","₦ 780,000",25%,N/A,2,20.0
Hp Stream 11 Intel Celeron Quad Core - 64GB SSD 4GB RAM Windows 10 PRO+ Mouse &USB Light For Keyboard,"₦ 176,700","₦ 300,000",41%,N/A,1,10.0
"DELL Latitude 3190 2in1 X360 INTEL PENTIUM, Touchscreen 512GB SSD 8GB WIN 11 Pro","₦ 300,000","₦ 450,000",33%,3.3,4,40.0
"Hp ProBook X360 11 G1 EE Intel® Celeron®+  32GB Flash+ Mouse+ USB Light For Keyboard Processor (4GB RAM; 64GB EMMC SSD) 11.6"" HD Touch Screen Intel HD Graphics 550 Windows 10 Pro Laptop - Black.","₦ 199,000",N/A,N/A,N/A,0,0.0
Hp ProBook 11 X360- TOUCH- 1TB SSD/8GB RAM-Intel CORE I5- Windows 11 + 64GB Flash & BAG,"₦ 550,000",N/A,N/A,N/A,0,0.0
Hp EliteBook 845 G7 AMD RYZEN 7 PRO - 4750U-16GB RAM/512GB SSD/Backlit Key/FP Reader Win11 Pro +BAG,"₦ 630,000","₦ 900,000",30%,4.8,5,50.0
Hp Stream 11 Pro- Intel Celeron - 4GB RAM - 64GB SSD Window 10 Pro + Mouse And Led Light,"₦ 210,000",N/A,N/A,N/A,1,10.0
Hp ProBook 11 X360- TOUCH- 256GB SSD/4GB RAM-Intel CELERON QUAD CORE WIN10 Pro +Mouse &USB Light,"₦ 220,000","₦ 349,000",37%,N/A,0,0.0
Hp EliteBook 840 G5 TOUCHSCREEN Core I7-16GB RAM/1TB SSD/Backlit Keyboard/FP Reader WIN 11 Pro+BAG,"₦ 760,000","₦ 900,000",16%,N/A,0,0.0
Hp EliteBook 840 G5 Intel Core I5- 12GB RAM/256GB SSD/Backlit Keyboard/FP Reader Windows 10 Pro + BAG,"₦ 475,000","₦ 590,000",19%,N/A,0,0.0
"Apple MacBook Air 13.3"" Laptop - Apple M1 Chip - 8GB Memory - 256GB SSD  - Silver","₦ 1,370,000",N/A,N/A,N/A,0,0.0
"Hp CHROMEBOOK 11 INTEL CELERON, 4GB RAM,16GB SSD +BAG","₦ 120,000",N/A,N/A,N/A,0,0.0
Hp EliteBook 840 G5 TOUCHSCREEN Core I5-8GB RAM/256GB SSD/Backlit Keyboard/FP Reader Windows 11 + BAG,"₦ 479,000","₦ 480,000",1%,N/A,2,20.0
"Hp Omen 16 Gaming 13th Gen Intel Core I7 16GB RAM/1TB SSD 16.1"" Nvidia RTX 4050 6GB WINS 11","₦ 2,500,000","₦ 2,580,000",3%,N/A,2,20.0
Hp ProBook 11 X360- TOUCH- 256GB SSD/4GB RAM +Mouse &USB Light,"₦ 220,000","₦ 300,000",27%,N/A,1,10.0
Hp EliteBook 840 G5 TOUCHSCREEN Core I5/8GB RAM/256GB SSD/ BACKLIT KEYBOARD/ FR READER WIN 11+BAG,"₦ 515,000","₦ 920,000",44%,N/A,0,0.0
"Hp ProBook 11 X360- TOUCH Intel Celeron 256GB SSD, 4GB RAM+MOUSE AND FLASHLIGHT","₦ 220,000","₦ 600,000",63%,4.5,4,40.0
DELL Latitude 5400 Touchscreen Intel Core I5-1TB SSD/16GB RAM Keyboard BACKLIT /WIN 11 PRO+ BAG,"₦ 530,000","₦ 750,000",29%,N/A,0,0.0
Hp Stream 11 Intel Celeron 4GB RAM- 64GB HDD WIN 10+ USB LIGHT FOR KEYBOARD,"₦ 169,000","₦ 170,000",1%,N/A,0,0.0
Lenovo Ideapad Intel Celeron 4GB RAM 256 SSD  Wins 10 Pro+ Mouse,"₦ 343,900",N/A,N/A,4.4,5,50.0
Hp Notebook 11 Pro G5 TOUCHSCREEN-512GB SSD 4GB RAM- Intel Celeron - Windows 10 Pro + Bag,"₦ 241,250","₦ 400,000",40%,4.1,10,100.0
Hp EliteBook 840 G6 Touchscreen Intel Core I5 8GB RAM/256GB SSD/Backlit Keyboard FP Wins 11 Pro,"₦ 540,000","₦ 680,900",21%,N/A,0,0.0
Hp Elitebook X2 1012 G2 Intel Core I5 256GB SSD -8GB RAM -Backlit-Keypad - Touch Windows 10 PRO + PEN,"₦ 540,000","₦ 900,000",40%,N/A,0,0.0
Hp ELITEBOOK 830 G7 TOUCH SCREEN INTEL CORE I7 512SSD 16GB RAM BACKLIT KEYBOARD WINDOWS 11PRO,"₦ 890,238","₦ 1,160,095",23%,N/A,6,60.0
Hp ELITEBOOK 830 G7 TOUCHSCREEN INTEL CORE I7 512SSD 16GB RAM BACKLIT KEYS FINGERPRINT WINS 11PRO+ Bag,"₦ 890,068",N/A,N/A,4.3,3,30.0
Hp ProBook 11 Inches X360- Intel Celeron 256GB SSD- 4GB RAM Windows 10 Pro + 32GB Flash Usb Led Light,"₦ 220,000","₦ 2,360,000",91%,N/A,0,0.0
"Hp CHROMEBOOK 11 , INTEL CELERON, 4GB RAM,64GB EMMC + FLASH","₦ 105,000",N/A,N/A,N/A,0,0.0
Hp ELITEBOOK X360 1030 G3 8TH GEN CORE I5 8GB RAM/ 512GB SSD BACKLIT KEYBOARD FP READER WIN 11 PRO,"₦ 650,000","₦ 700,000",7%,4.7,7,70.0
Hp Stream 11 Laptop- Intel Celeron - 64GB SSD 4GB RAM Windows 10 PRO+ Mouse & USB Light For Keyboard,"₦ 190,000","₦ 350,000",46%,N/A,0,0.0
"Hp CHROMEBOOK 11 G4, INTEL CELERON, 4GB RAM,16GB SSD 32GBFLASH","₦ 120,000","₦ 220,000",45%,N/A,0,0.0
Hp EliteBook 840 G6 Intel Core I5  Touchscreen 12GB RAM/256GB SSD Win 11 Pro,"₦ 545,800",N/A,N/A,N/A,1,10.0
Hp Stream 11 Laptop- Intel Celeron - 64GB SSD 4GB RAM Windows 10 PRO+ USB Light For Keyboard,"₦ 175,000","₦ 185,000",5%,N/A,0,0.0
Hp Probook 11 G7 X360 Touchscreen Intel Pentium 8GB DDR4 RAM 256GB SSD WIN 10 + Keyboard Flashlight,"₦ 290,000","₦ 300,000",3%,N/A,1,10.0
Apple MACBOOK AIR,"₦ 1,490,500",N/A,N/A,N/A,1,10.0
Hp EliteBook 840 G6 Intel Core I5-16GB RAM/1TB SSD/Backlit Keyboard/FP Reader Windows 11 Pro + BAG,"₦ 569,000","₦ 960,000",41%,4.7,3,30.0
Lenovo Xiaoxin Pad 2024 - 8GB + 128GB (Snapdragon 685),"₦ 395,550","₦ 635,000",38%,N/A,0,0.0
Hp EliteBook 840 G6 Intel Core I5- 16GB RAM/1TB SSD/Backlit Keyboard/FP Reader Windows 11 Pro + BAG,"₦ 579,000","₦ 910,000",36%,3.8,9,90.0
"Hpaay C 15 VICTUS GAMING, 12TH GEN INTEL CORE I5, 16GB RAM, 512GB SSD NVIDIA RTX 3050 (4GB) WINS 11","₦ 1,421,000","₦ 1,520,000",7%,4.3,7,70.0
Hp NoteBook 348 G5 Intel Core I5-16GB RAM/1TB SSD/Backlit Keyboard- Windows 11 Pro + BAG,"₦ 560,000","₦ 650,000",14%,N/A,0,0.0
"Alienware M18 R2 GAMING 14TH GEN,CORE I7-14700HX,1TB SSD/16GB RAM, RTX 4070,18"" WIN 11","₦ 3,798,000","₦ 4,100,000",7%,N/A,0,0.0
Hp EliteBook 830 G6 X360 TOUCHSCREEN Core I5-8GB RAM/256GB SSD/Backlit Keyboard/Windows 11 Pro+BAG,"₦ 530,000","₦ 750,000",29%,N/A,1,10.0
Hp EliteBook 840 G5 Intel Core I5-TOUCHSCREEN 16GB RAM/512GB SSD/Backlit Keyboard/FP Wins 11 Pro + BAG,"₦ 510,000","₦ 580,000",12%,N/A,0,0.0
"Apple MacBook Air 13"" M1 Chip  8GB 256GB 2020 Model - Gray","₦ 1,370,000",N/A,N/A,N/A,11,110.0
Hp ELITEBOOK X360 830 G7 TOUCHSCREEN CORE I5 16GB RAM/512GB SSD BACKLIT KEYBOARD/ FP READER- WINDOW 11,"₦ 765,000",N/A,N/A,4.3,4,40.0
Asus VIVOBOOK FLIP 14 X360 PENTIUM N6000 4GB RAM/512GB SSD TOUCH/BACKLIT KEYBOARD WINS 11+ STYLUS PEN,"₦ 549,500",N/A,N/A,N/A,0,0.0
Hp EliteBook 830 G6 TOUCHSCREEN Intel Core I5-16GB RAM/1TB SSD/Backlit Keyboard/Windows 11 Pro+ BAG,"₦ 540,000","₦ 702,000",23%,N/A,0,0.0
Hp ProBook 11 X360- TOUCH Intel Celeron 256GB SSD 4GB RAM Win11,"₦ 237,999",N/A,N/A,N/A,0,0.0
Hp CHROMEBOOK 11 INTEL CELERON 4Gb RAM 64GB WINS 10,"₦ 105,000",N/A,N/A,N/A,0,0.0
DELL Hp ProBook 11 X360- 512GB SSD- TOUCHSCREEN Intel CELERON 4GB RAM WIN10 Pro+ Usb Light,"₦ 250,000","₦ 500,000",50%,N/A,1,10.0
Hp Stream11intel Celeron D/C 64GB HDD+4GB RAM+Win10 Pro,"₦ 170,000",N/A,N/A,N/A,0,0.0
Hp Stream 14 Intel Celeron - 64GB HDD- 4GB RAM Windows 10+ 32GB Flash,"₦ 600,000",N/A,N/A,N/A,1,10.0
"Hp PROBOOK 11 X360, TOUCHSCREEN 4GB RAM 128GB SSD, INTEL PENTIUM, WINDOWS 10","₦ 219,000",N/A,N/A,N/A,0,0.0
Hp Stream 11 Pro - 64GB SSD- Intel Celeron 4GB DDR4 RAM WIN10 Pro + USB Light For Keyboard,"₦ 140,000",N/A,N/A,N/A,0,0.0
DELL Latitude 7490 Intel Core I5- 16GB RAM/512GB SSD BACKLIGHT KEYBOARD/WIN 11 PRO+BAG,"₦ 440,000","₦ 560,000",21%,N/A,0,0.0
Hp Victus Gaming 16 13th Gen Intel Core I7 16GB RAM/1TB SSD RTX 3050 (6GB) Win 11,"₦ 2,100,000","₦ 2,195,000",4%,N/A,0,0.0
DELL Latitude 3189 X360 TOUCHSCREEN INTEL PENTIUM 256GB SSD 8GB WIN 10 Pro,"₦ 299,000","₦ 300,000",1%,N/A,0,0.0
Hp Notebook 11 Pro G5 TOUCHSCREEN-256GB SSD 4GB RAM- Intel Celeron - Windows 10 Pro + Bag,"₦ 220,000","₦ 395,000",44%,4.3,3,30.0
DELL Latitude 7490 Intel Core I7- 1TB SSD/16GB RAM BACKLIGHT KEYBOARD/WIN 11 PRO+BAG,"₦ 750,000","₦ 800,000",6%,N/A,0,0.0
"Hp CHROMEBOOK 11 ,INTEL CELERON,4GB RAM,64GB SSD","₦ 105,000",N/A,N/A,N/A,0,0.0
Hp EliteBook 830 G6 TOUCHSCREEN Intel Core I5-8GB RAM/256GB SSD/Backlit Keyboard/Windows 11 Pro+BAG,"₦ 475,000","₦ 778,000",39%,N/A,0,0.0
"DELL Latitude 7490 Intel Core I5, Keyboard Backlit, 16GB RAM, 256GB SSD Windows 11 + Free Mouse","₦ 400,000","₦ 450,000",11%,N/A,0,0.0
Hp EliteBook 845 AMD RYZEN 5 PRO-16GB RAM/512GB SSD/Backlit+BAG,"₦ 630,000","₦ 800,000",21%,N/A,0,0.0
Hp EliteBook 840 G5 Intel Core I5-8GB RAM/256GB SSD/Backlit Keyboard/FP Reader Windows 11 Pro+BAG,"₦ 485,000","₦ 800,000",39%,N/A,0,0.0
"Apple MacBook Pro 16.2"" 18GB/ 512GB M3 Pro - Black 2023","₦ 4,500,999","₦ 6,999,999",36%,N/A,1,10.0
Hp ProBook 11 X360- TOUCH- 512GB SSD/8GB RAM-Intel CORE I5- Windows 11 PRO LAPTOP + 64GB Flash & BAG,"₦ 395,000",N/A,N/A,N/A,0,0.0
Lenovo Ideapad 15 Inch Laptop - Intel Core I3- 512 SSD- 12GB RAM-12TH GEN Win 11 + USB Light,"₦ 580,000","₦ 970,000",40%,N/A,0,0.0
Lenovo X360 Convertible Intel Celeron 128GB SSD 4GB Ram Touch+pouch Mouse,"₦ 205,000","₦ 295,000",31%,3.8,18,180.0
Hp EliteBook 840 G7 TOUCHSCREEN 10TH GEN Core I5-16GB RAM/512GB SSD/Backlit Keyboard-WIN 11 Pro+ BAG,"₦ 750,000","₦ 950,000",21%,N/A,0,0.0
Hp EliteBook 840 G6 Intel Core I5- Backlit Keyboard/FP Reader 8GB RAM/256GB SSD Win 11 Pro + BAG,"₦ 453,550","₦ 990,000",54%,4.5,2,20.0
DELL Latitude 3340 Intel Core I3 500GB HDD 8GB RAM Windows 10,"₦ 450,000",N/A,N/A,3.9,8,80.0
Asus Notebook Intel Core I3-10110U 12GB RAM 512GB SSD 15.6inches Display FHD Win 11,"₦ 560,000",N/A,N/A,N/A,1,10.0
Hp Stream 11 Laptop- Intel Celeron -TOUCH SCREEN 128GB SSD 4GB RAM Windows 10 PRO +USB Light For Keyboard,"₦ 200,000","₦ 320,000",38%,N/A,0,0.0
Lenovo Legion Pro 5 16IRX9 Gaming,"₦ 4,000,000",N/A,N/A,N/A,0,0.0
Hp Spectre 14 X360 2-in-1 - 13th Gen Intel Evo Core I7-1355U Processor - 13.5'' OLED 3K2K IPS Touchscreen - 16GB RAM / 1TB SSD - Intel Iris Xe - Fingerprint Reader / 5MP IR Camera - Rechargeable MPP 2.0 Tilt Pen + Sleeve - Windows 11,"₦ 2,465,000","₦ 2,469,000",1%,N/A,1,10.0
Hp EliteBook 840 G5 Intel Core I5-16GB RAM/1TB SSD/Backlit Keyboard/FP Reader Wins 11 Pro Laptop +BAG,"₦ 569,000","₦ 650,999",13%,4.2,61,610.0
Hp EliteBook 830 G5 TOUCHSCREEN/Intel Core I5- 32GB RAM/1TB SSD/Backlit Keyboard/Win 11 Pro+BAG,"₦ 615,000","₦ 890,000",31%,N/A,2,20.0
"Hp ProBook 11 X360- TOUCH Intel Celeron 512GB SSD, 4GB RAM+MOUSE & FLASHLIGHT","₦ 250,000","₦ 500,000",50%,N/A,0,0.0
Hp EliteBook 830 G6 TOUCHSCREEN Intel Core I5-8GB RAM/256GB SSD/Backlit Keyboard/Windows 11 Pro+BAG,"₦ 475,000","₦ 778,000",39%,N/A,0,0.0
Hp NoteBook 348 G5 Intel Core I5-16GB RAM/1TB SSD/Backlit Keyboard- Windows 11 Pro + BAG,"₦ 470,000","₦ 650,000",28%,N/A,3,30.0
Hp EliteBook X360 830 G6 TOUCHSCREEN Core I5-16GB RAM/1TB SSD/Backlit Keyboard/Windows 11 Pro+ BAG,"₦ 700,000","₦ 765,000",8%,N/A,2,20.0
Hp Stream 11 Intel Celeron 4GB RAM-64GB HDD WIN 10+USB LIGHT,"₦ 190,000","₦ 200,000",5%,N/A,3,30.0
Hp EliteBook 840 G5 Intel Core I5-8GB RAM/256GB SSD/Backlit/ TOUCHSCREEN FP Reader Wins 11 Pro + BAG,"₦ 480,000","₦ 580,000",17%,N/A,1,10.0
Hp EliteBook 840 G5 TOUCHSCREEN Core I7-32GB RAM/1TB SSD/Backlit Keyboard/FP Reader WIN 11 Pro+BAG,"₦ 770,000","₦ 900,000",14%,N/A,1,10.0
DELL Latitude 7490 TOUCHSCREEN Core I7/16GB RAM 1TB SSD/BACKLIGHT KEYBOARD/WIN 11PRO+BAG,"₦ 790,000","₦ 980,000",19%,3.7,3,30.0
Hp EliteBook 845 G7 AMD RYZEN 7 PRO - 4750U-16GB RAM/512GB SSD/Backlit Key/FP Reader Win11 Pro +BAG,"₦ 630,000","₦ 799,000",21%,N/A,0,0.0
Hp CHROMEBOOK 11 INTEL CELERON 4Gb RAM 16GB WINS 10,"₦ 95,000",N/A,N/A,N/A,0,0.0
DELL XPS 13 9340 14TH GEN CORE ULTRA 7 32GB RAM 1TBSSD TOUCH FP,"₦ 3,124,900",N/A,N/A,N/A,0,0.0
Lenovo Ideapad 15 Inch Intel® Celeron® 8GB RAM DDR4 - 256 SSD Windows 11 +USB LIGHT,"₦ 371,524","₦ 600,000",38%,4.8,4,40.0
"DELL Latitude 3190 Intel Pentium 4GB RAM, 128GB SSD Windows 10 + Keyboard Flash Light","₦ 200,000","₦ 260,000",23%,3.8,4,40.0
Hp NoteBook 348 G5 Intel Core I5-16GB RAM/1TB SSD/Backlit Keyboard- FP READER Windows 11 Pro + BAG,"₦ 710,000","₦ 730,000",3%,N/A,0,0.0
Hp Stream 11 Intel Celeron Quad Core - 64GB SSD 4GB RAM Windows 10 PRO+ Mouse &USB Light For Keyboard,"₦ 200,000","₦ 273,000",27%,N/A,1,10.0
Hp PAVILION X360 13TH GEN CORE I7 1TB SSD 16GB RAM TOUCH BACKLIT W11 SILVER,"₦ 1,592,800",N/A,N/A,N/A,0,0.0
"Hp CHROMEBOOK 11 G4, INTEL CELERON, 4GB RAM,16GB SSD + FLASH","₦ 120,000","₦ 150,000",20%,N/A,1,10.0
Hp EliteBook 830 G6 Intel Core I5 Touchscreen -16GB RAM/512GB SSD/Backlit/FP Reader Wins 11 Pro + BAG,"₦ 520,000","₦ 780,000",33%,N/A,1,10.0
Hp ProBook 11 X360- TOUCH Intel Pentium 128GB 4GB RAM WIN10 Pro + USB LIGHT,"₦ 195,000","₦ 255,000",24%,N/A,0,0.0
Hp ELITEBOOK 840 G7 INTEL CORE I7 16GB RAM 512GB SSD BACKLIT KEYBOARD FP READER WINS 11,"₦ 850,000","₦ 900,000",6%,N/A,0,0.0
Hp EliteBook 840 G6 Intel Core I5-16GB RAM/512GB SSD/Backlit Keyboard/FP Reader Wins 11 Pro  +BAG,"₦ 509,000","₦ 897,700",43%,N/A,2,20.0
Hp EliteBook 840 G5 TOUCHSCREEN Core I5-16GB RAM/1TB SSD/Backlit Keyboard/FP Reader Windows 11 Pro+BAG,"₦ 570,000","₦ 690,000",17%,N/A,1,10.0
DELL Latitude 7490 TOUCHSCREEN  Intel Core I7- 16GB RAM/512GB SSD-BACKLIGHT KEYBOARD-WIN 11 PRO+BAG,"₦ 755,000","₦ 880,000",14%,N/A,1,10.0
"Hp ELITE DRAGONFLY G4 MULTI-TOUCH Intel Core I7 32GB RAM, 1TB SSD...GREY COLOR","₦ 2,300,000",N/A,N/A,N/A,0,0.0
Hp Stream 11 Laptop- Intel Celeron - 64GB SSD 4GB RAM Windows 10 PRO+ Mouse & USB Light For Keyboard,"₦ 145,000","₦ 200,000",28%,N/A,0,0.0
Hp Pavilion 15 X360 12th Gen Intel Core I3 8GB RAM/512 SSD Win 11,"₦ 860,000","₦ 880,000",2%,N/A,1,10.0
Hp ProBook 11 X360- TOUCH Intel Celeron 128GB 4GB RAM WIN10 Pro+ USB LIGHT FOR KEYBOARD,"₦ 190,000","₦ 294,000",35%,N/A,0,0.0
"DELL Latitude 3350 Intel Core I3 8GB RAM, 500GB HDD Windows 10 Pro + Keyboard Flash Light","₦ 450,000","₦ 500,000",10%,N/A,1,10.0
Hp EliteBook 840 G6 Intel Core I5-16GB RAM/512GB SSD/Backlit Keyboard/FP Reader Wins 11 Pro+BAG,"₦ 510,000","₦ 905,000",44%,N/A,1,10.0
Hp ProBook 11 X360- TOUCH Intel Pentium 128GB 8GB RAM WIN10 Pro,"₦ 235,000",N/A,N/A,N/A,0,0.0
"Hp Omen 16 Gaming - 13th Gen Intel Core I9-13900HX - 16GB RAM / 1TB SSD - 16.1"" Display - 8GB Nvidia GeForce RTX 4060 - Windows 11","₦ 2,674,500","₦ 2,693,000",1%,N/A,0,0.0
"DELL LATITUDE 3190 2IN1 ,X360 TOUCHSCREEN INTEL PENTIUM,8GB RAM,512GB SSD WIN 11 +LIGHT","₦ 290,000","₦ 300,000",3%,N/A,1,10.0
"DELL Latitude 3340 Intel Celeron 8GB RAM, 500GB HDD Windows 10 + Keyboard Flash Light","₦ 350,000","₦ 400,000",13%,N/A,0,0.0
Hp ELITEBOOK 830 G9 12TH GEN INTEL CORE I7 16GB RAM 512GB SSD BACKLIT KEYBOARD FP READER WINS 11,"₦ 1,350,000","₦ 1,500,000",10%,N/A,0,0.0
"Asus Zenbook UX325EA Core I7 13.3"" 8GB/512GB SSD Win 11 - Pine Grey","₦ 975,000","₦ 1,570,000",38%,N/A,3,30.0
Hp EliteBook 830 G6 TOUCHSCREEN Core I5-16GB RAM/1TB SSD/Backlit Keyboard/Windows 11 Pro+BAG,"₦ 575,000","₦ 850,000",32%,3.7,6,60.0
Hp ProBook 11 X360- TOUCH- 1TB SSD/8GB RAM-Intel CORE I5- Windows 11 + 64GB Flash & BAG,"₦ 600,000",N/A,N/A,N/A,0,0.0
Hp ProBook 11 X360- 256GB SSD 4GB RAM TC Intel P RAM WIN11 P +,"₦ 199,999",N/A,N/A,N/A,0,0.0
DELL Latitude 3450 Core I5 1TB HDD 8GB RAM Wins 10 + Bag,"₦ 550,000",N/A,N/A,N/A,2,20.0
Hp ProBook 11 X360- TOUCH- 512GB SSD/4GB RAM-Intel CELERON QUAD CORE WIN10 Pro +Mouse &USB Light,"₦ 250,000","₦ 300,000",17%,N/A,1,10.0
DELL Latitude 7490 TOUCHSCREEN 256GB SSD/16GB RAM/ Intel Core I5/ BACKLIGHT KEYBOARD-WIN 11PRO+BAG,"₦ 590,000","₦ 600,000",2%,N/A,3,30.0
Hp EliteBook 840 G6 TOUCHSCREEN Core I5-16GB RAM/512GB SSD/Backlit Keyboard/FP Reader WIN11 Pro+BAG,"₦ 535,000","₦ 730,000",27%,N/A,0,0.0
Hp ProBook 11 X360- TOUCH- 512GB SSD/4GB RAM-Intel CELERON QUAD CORE WIN10 Pro +Mouse &USB Light,"₦ 250,000","₦ 800,000",69%,N/A,0,0.0
Hp EliteBook 840 G6 Intel Core I5 Touchscreen 8GB RAM/256 SSD/Backlit Keyboard/FP Win 11 Pro,"₦ 560,000","₦ 770,900",27%,N/A,2,20.0
Hp EliteBook 840 G5 Intel Core I5-16GB RAM/256GB SSD/Backlit Keyboard/FP Reader Wins 11 Laptop +BAG,"₦ 480,000","₦ 741,771",35%,N/A,0,0.0
"Hp Stream11Intel Celeron(32gb Mmc,2gb RAM)""11-Inch""Windows10+32 Flash Mouse Drive,black","₦ 145,000",N/A,N/A,N/A,0,0.0
Hp Notebook 15 Laptop Intel N100 Quad-Core 8GB RAM 128GB SSD 15.6-inch Windows 11 Silver,"₦ 399,500","₦ 988,000",60%,N/A,0,0.0
"Apple MacBook Pro 16"" Laptop - M3 Pro Chip - 18GB  18-core GPU - 512GB SSD - Space Black","₦ 3,450,000",N/A,N/A,N/A,1,10.0
Hp EliteBook 830 G6 Intel Core I5-16GB RAM/256GB SSD/Backlit/ TOUCHSCREEN- FP Reader Wins 11 Pro + BAG,"₦ 460,000 - ₦ 650,000","₦ 700,000",34%,N/A,0,0.0
"Hp ENVY 15 X360 13TH GEN INTEL CORE I5 16GB RAM 512GB SSD 15.6""  4GB RTX NVIDIA, TOUCHSCREEN BACKLIT KEYBOARD WINS 11","₦ 1,350,000",N/A,N/A,N/A,0,0.0
Hp  EliteBook 840 G6 Intel Core I5-32GB RAM/1TB SSD/Backlit Keyboard/FP Reader Wins 11 Pro Laptop +BAG,"₦ 640,000","₦ 700,000",9%,N/A,1,10.0
Hp EliteBook 840 G6 Intel Core I5- Backlit Keyboard /FP Reader 16GB RAM/512 SSD Windows 11 Pro +BAG,"₦ 510,000","₦ 860,000",41%,N/A,3,30.0
"Hp CHROMEBOOK 11 G4, INTEL CELERON, 4GB RAM,64GB EMMC + FLASH","₦ 157,000",N/A,N/A,N/A,0,0.0
Hp EliteBook 845 G8 - Ryzen 5 Pro 5650U/AMD 2.3 - 16GB RAM/512GB SSD WIN 11 PRO+BAG,"₦ 630,000","₦ 798,000",21%,N/A,4,40.0
Hp ELITEBOOK X360 1030 G3 8TH GEN CORE I5 8GB RAM/ 512GB SSD BACKLIT KEYBOARD FP READER WIN 11 PRO,"₦ 670,000","₦ 950,000",29%,N/A,0,0.0
DELL Latitude 7490 TOUCHSCREEN 256GB SSD/8GB RAM/ Intel Core I5/ BACKLIGHT KEYBOARD-WIN 11PRO+BAG,"₦ 540,000","₦ 550,000",2%,N/A,0,0.0
"DELL LATITUDE 3189,X360 INTEL PENTIUM,TOUCH 8GB RAM,256GB SSD WIN 11 +USB LIGHT","₦ 299,000","₦ 300,000",1%,N/A,1,10.0
Hp Notebook 11 Pro G5 TOUCHSCREEN-512GB SSD 4GB RAM- Intel Celeron - Windows 10 Pro + Bag,"₦ 250,000","₦ 390,000",36%,4.1,8,80.0
Hp EliteBook 840 G5 Intel Corei7-16GB RAM/512GB SSD/Backlit Keyboard/FP Reader Win11 Pro+pouch Mouse,"₦ 819,990","₦ 950,000",14%,N/A,0,0.0
Hp ProBook 11 X360- TOUCH- 256GB SSD/4GB RAM-Intel CELERON QUAD CORE WIN10 Pro +Mouse &USB Light,"₦ 220,000","₦ 349,000",37%,N/A,0,0.0
"Apple MacBook Pro 16.2"" 18 Core 36GB/512GB M3 Pro - Black","₦ 4,699,999","₦ 5,999,999",22%,N/A,0,0.0
Hp ProBook 11 X360- TOUCH- 512GB SSD/4GB RAM-Intel CELERON QUAD CORE WIN10 Pro +Mouse &USB Light,"₦ 250,000","₦ 300,000",17%,N/A,1,10.0
